spell,ticker,from_session,from_date,cause,why,ever_member
24,AAN,1233,2020-11-24,DISPUTED_SPLIT_AMBIGUOUS,a jump exists (max |ln R|=1.065) that does not match the claim,True
49,ABEO,1632,2022-06-28,AGREED_SPLIT_TESTABLE_AMBIGUOUS,a jump exists (max |ln R|=2.977) that does not match the claim,False
53,ABIO,814,2019-03-29,AGREED_SPLIT_TESTABLE_AMBIGUOUS,price matches but dollar volume is 18.4x the prior median (crash-like),False
53,ABIO,2176,2024-08-27,DISPUTED_SPLIT_AMBIGUOUS,a jump exists (max |ln R|=0.613) that does not match the claim,False
65,ABTC,2426,2025-08-27,DISPUTED_SPLIT_AMBIGUOUS,a jump exists (max |ln R|=1.899) that does not match the claim,False
67,ABTS,825,2019-04-15,DISPUTED_SPLIT_AMBIGUOUS,price matches but dollar volume is 10.7x the prior median (crash-like),True
67,ABTS,2304,2025-03-04,AGREED_SPLIT_TESTABLE_AMBIGUOUS,price matches but dollar volume is 42.1x the prior median (crash-like),True
70,ABVC,1897,2023-07-19,AGREED_SPLIT_TESTABLE_AMBIGUOUS,price matches but dollar volume is 31.1x the prior median (crash-like),False
86,ACB,2041,2024-02-13,AGREED_SPLIT_TESTABLE_AMBIGUOUS,a jump exists (max |ln R|=2.229) that does not match the claim,True
107,ACGN,1733,2022-11-18,DISPUTED_SPLIT_AMBIGUOUS,untestable ratio (|ln m|=0.001 < 0.3),False
112,ACHV,1148,2020-07-27,AGREED_SPLIT_TESTABLE_AMBIGUOUS,a jump exists (max |ln R|=3.356) that does not match the claim,False
127,ACON,2010,2023-12-28,AGREED_SPLIT_TESTABLE_AMBIGUOUS,a jump exists (max |ln R|=3.063) that does not match the claim,False
127,ACON,2278,2025-01-24,AGREED_SPLIT_TESTABLE_AMBIGUOUS,price matches but dollar volume is 9.8x the prior median (crash-like),False
128,ACOR,1255,2020-12-28,AGREED_SPLIT_TESTABLE_AMBIGUOUS,a jump exists (max |ln R|=1.643) that does not match the claim,False
131,ACR,1285,2021-02-10,DISPUTED_SPLIT_AMBIGUOUS,a jump exists (max |ln R|=1.004) that does not match the claim,False
136,ACRX,1712,2022-10-20,AGREED_SPLIT_TESTABLE_AMBIGUOUS,price matches but dollar volume is 11.7x the prior median (crash-like),False
138,ACST,1421,2021-08-25,AGREED_SPLIT_TESTABLE_AMBIGUOUS,a jump exists (max |ln R|=1.992) that does not match the claim,False
138,ACST,1886,2023-07-03,AGREED_SPLIT_TESTABLE_AMBIGUOUS,price matches but dollar volume is 19.9x the prior median (crash-like),False
152,ACY,1512,2022-01-04,AGREED_SPLIT_TESTABLE_AMBIGUOUS,a jump exists (max |ln R|=1.502) that does not match the claim,False
168,ADD,2229,2024-11-11,AGREED_SPLIT_TESTABLE_AMBIGUOUS,a jump exists (max |ln R|=4.402) that does not match the claim,False
168,ADD,2419,2025-08-18,DISPUTED_SPLIT_AMBIGUOUS,a jump exists (max |ln R|=0.324) that does not match the claim,False
179,ADIL,1906,2023-08-01,AGREED_SPLIT_TESTABLE_AMBIGUOUS,price matches but dollar volume is 7.2x the prior median (crash-like),False
179,ADIL,2534,2026-02-02,AGREED_SPLIT_TESTABLE_AMBIGUOUS,price matches but dollar volume is 8.2x the prior median (crash-like),False
183,ADMP,1854,2023-05-16,AGREED_SPLIT_TESTABLE_AMBIGUOUS,price matches but dollar volume is 9.4x the prior median (crash-like),False
185,ADN,2100,2024-05-08,AGREED_SPLIT_TESTABLE_AMBIGUOUS,price matches but dollar volume is 9.1x the prior median (crash-like),False
193,ADRO,1192,2020-09-28,DISPUTED_SPLIT_AMBIGUOUS,a jump exists (max |ln R|=1.374) that does not match the claim,False
203,ADTX,1682,2022-09-08,AGREED_SPLIT_TESTABLE_AMBIGUOUS,a jump exists (max |ln R|=4.304) that does not match the claim,False
203,ADTX,1915,2023-08-14,AGREED_SPLIT_TESTABLE_AMBIGUOUS,a jump exists (max |ln R|=3.808) that does not match the claim,False
203,ADTX,2197,2024-09-26,AGREED_SPLIT_TESTABLE_AMBIGUOUS,price matches but dollar volume is 40.8x the prior median (crash-like),False
203,ADTX,2469,2025-10-28,AGREED_SPLIT_TESTABLE_AMBIGUOUS,a jump exists (max |ln R|=4.566) that does not match the claim,False
203,ADTX,2554,2026-03-03,AGREED_SPLIT_TESTABLE_AMBIGUOUS,a jump exists (max |ln R|=2.175) that does not match the claim,False
206,ADV,2568,2026-03-23,AGREED_SPLIT_TESTABLE_AMBIGUOUS,a jump exists (max |ln R|=3.129) that does not match the claim,False
207,ADVB,2543,2026-02-13,AGREED_SPLIT_TESTABLE_AMBIGUOUS,price matches but dollar volume is 103.1x the prior median (crash-like),False
209,ADXS,810,2019-03-25,AGREED_SPLIT_TESTABLE_AMBIGUOUS,price matches but dollar volume is 6.6x the prior median (crash-like),False
218,AEG,846,2019-05-15,DISPUTED_SPLIT_AMBIGUOUS,untestable ratio (|ln m|=0.035 < 0.3),True
218,AEG,912,2019-08-19,DISPUTED_SPLIT_AMBIGUOUS,untestable ratio (|ln m|=0.039 < 0.3),True
218,AEG,1361,2021-06-01,DISPUTED_SPLIT_AMBIGUOUS,untestable ratio (|ln m|=0.017 < 0.3),True
218,AEG,1418,2021-08-20,DISPUTED_SPLIT_AMBIGUOUS,untestable ratio (|ln m|=0.019 < 0.3),True
218,AEG,1611,2022-05-26,DISPUTED_SPLIT_AMBIGUOUS,untestable ratio (|ln m|=0.021 < 0.3),True
218,AEG,1667,2022-08-17,DISPUTED_SPLIT_AMBIGUOUS,untestable ratio (|ln m|=0.024 < 0.3),True
222,AEHL,2323,2025-03-31,AGREED_SPLIT_TESTABLE_AMBIGUOUS,price matches but dollar volume is 465.8x the prior median (crash-like),False
222,AEHL,2660,2026-08-04,AGREED_SPLIT_TESTABLE_AMBIGUOUS,price matches but dollar volume is 14.1x the prior median (crash-like),False
224,AEI,1755,2022-12-21,AGREED_SPLIT_TESTABLE_AMBIGUOUS,price matches but dollar volume is 5.6x the prior median (crash-like),False
228,AEMD,948,2019-10-09,AGREED_SPLIT_TESTABLE_AMBIGUOUS,price matches but dollar volume is 12.8x the prior median (crash-like),False
228,AEMD,1948,2023-09-29,AGREED_SPLIT_TESTABLE_AMBIGUOUS,a jump exists (max |ln R|=2.183) that does not match the claim,False
228,AEMD,2367,2025-06-03,AGREED_SPLIT_TESTABLE_AMBIGUOUS,price matches but dollar volume is 19.8x the prior median (crash-like),False
228,AEMD,2656,2026-07-29,AGREED_SPLIT_TESTABLE_AMBIGUOUS,price matches but dollar volume is 10.4x the prior median (crash-like),False
232,AEON,2296,2025-02-20,AGREED_SPLIT_TESTABLE_AMBIGUOUS,a jump exists (max |ln R|=3.294) that does not match the claim,False
239,AERT,2621,2026-06-08,AGREED_SPLIT_TESTABLE_AMBIGUOUS,price matches but dollar volume is 10.6x the prior median (crash-like),False
247,AEY,1978,2023-11-10,AGREED_SPLIT_TESTABLE_AMBIGUOUS,price matches but dollar volume is 9.7x the prior median (crash-like),False
249,AEZS,2093,2024-04-29,AGREED_SPLIT_TESTABLE_AMBIGUOUS,price matches but dollar volume is 8.5x the prior median (crash-like),False
276,AGBA,2207,2024-10-10,DISPUTED_SPLIT_AMBIGUOUS,a jump exists (max |ln R|=0.093) that does not match the claim,False
283,AGE,2059,2024-03-11,AGREED_SPLIT_TESTABLE_AMBIGUOUS,a jump exists (max |ln R|=3.381) that does not match the claim,False
286,AGFY,1706,2022-10-12,AGREED_SPLIT_TESTABLE_AMBIGUOUS,a jump exists (max |ln R|=2.179) that does not match the claim,False
286,AGFY,1883,2023-06-28,AGREED_SPLIT_TESTABLE_AMBIGUOUS,price matches but dollar volume is 5.6x the prior median (crash-like),False
286,AGFY,2201,2024-10-02,AGREED_SPLIT_TESTABLE_AMBIGUOUS,price matches but dollar volume is 21.4x the prior median (crash-like),False
295,AGLE,1929,2023-09-01,AGREED_SPLIT_TESTABLE_AMBIGUOUS,a jump exists (max |ln R|=3.075) that does not match the claim,False
305,AGPU,2445,2025-09-24,DISPUTED_SPLIT_AMBIGUOUS,a jump exists (max |ln R|=2.555) that does not match the claim,False
309,AGRX,1825,2023-04-04,AGREED_SPLIT_TESTABLE_AMBIGUOUS,price matches but dollar volume is 17.5x the prior median (crash-like),False
310,AGRZ,2695,2026-09-23,AGREED_SPLIT_TESTABLE_AMBIGUOUS,a jump exists (max |ln R|=2.857) that does not match the claim,False
318,AHC,1362,2021-06-02,AGREED_SPLIT_TESTABLE_AMBIGUOUS,price matches but dollar volume is 5.7x the prior median (crash-like),False
331,AHT,1390,2021-07-13,AGREED_SPLIT_TESTABLE_AMBIGUOUS,a jump exists (max |ln R|=2.186) that does not match the claim,True
343,AIFF,2162,2024-08-07,DISPUTED_SPLIT_AMBIGUOUS,a jump exists (max |ln R|=0.779) that does not match the claim,False
344,AIFU,2355,2025-05-15,AGREED_SPLIT_TESTABLE_AMBIGUOUS,a jump exists (max |ln R|=2.163) that does not match the claim,False
344,AIFU,2623,2026-06-10,AGREED_SPLIT_TESTABLE_AMBIGUOUS,price matches but dollar volume is 18.5x the prior median (crash-like),False
346,AIHS,1572,2022-03-31,AGREED_SPLIT_TESTABLE_AMBIGUOUS,a jump exists (max |ln R|=2.119) that does not match the claim,False
350,AIIO,2573,2026-03-30,AGREED_SPLIT_TESTABLE_AMBIGUOUS,a jump exists (max |ln R|=2.736) that does not match the claim,False
350,AIIO,2614,2026-05-28,DISPUTED_SPLIT_AMBIGUOUS,a jump exists (max |ln R|=0.249) that does not match the claim,False
353,AIM,2515,2026-01-05,DISPUTED_SPLIT_AMBIGUOUS,untestable ratio (|ln m|=0.001 < 0.3),False
356,AIMD,1997,2023-12-08,AGREED_SPLIT_TESTABLE_AMBIGUOUS,price matches but dollar volume is 5.3x the prior median (crash-like),False
356,AIMD,2381,2025-06-24,AGREED_SPLIT_TESTABLE_AMBIGUOUS,price matches but dollar volume is 5.9x the prior median (crash-like),False
360,AIOS,2588,2026-04-21,AGREED_SPLIT_TESTABLE_AMBIGUOUS,a jump exists (max |ln R|=2.827) that does not match the claim,False
367,AIRI,1706,2022-10-12,AGREED_SPLIT_TESTABLE_AMBIGUOUS,price matches but dollar volume is 15.0x the prior median (crash-like),False
372,AIRT,860,2019-06-05,AGREED_SPLIT_TESTABLE_AMBIGUOUS,a jump exists (max |ln R|=0.227) that does not match the claim,False
376,AIV,1243,2020-12-09,DISPUTED_SPLIT_AMBIGUOUS,a jump exists (max |ln R|=1.966) that does not match the claim,True
382,AJX,1052,2020-03-10,DISPUTED_SPLIT_AMBIGUOUS,untestable ratio (|ln m|=0.034 < 0.3),False
385,AKAN,2107,2024-05-17,AGREED_SPLIT_TESTABLE_AMBIGUOUS,a jump exists (max |ln R|=3.455) that does not match the claim,False
385,AKAN,2421,2025-08-20,AGREED_SPLIT_TESTABLE_AMBIGUOUS,price matches but dollar volume is 26.2x the prior median (crash-like),False
385,AKAN,2516,2026-01-06,AGREED_SPLIT_TESTABLE_AMBIGUOUS,a jump exists (max |ln R|=1.726) that does not match the claim,False
385,AKAN,2578,2026-04-07,AGREED_SPLIT_TESTABLE_AMBIGUOUS,price matches but dollar volume is 5.8x the prior median (crash-like),False
408,ALBT,1760,2022-12-29,AGREED_SPLIT_TESTABLE_AMBIGUOUS,price matches but dollar volume is 14.5x the prior median (crash-like),False
408,ALBT,2215,2024-10-22,AGREED_SPLIT_TESTABLE_AMBIGUOUS,a jump exists (max |ln R|=2.843) that does not match the claim,False
411,ALCE,2204,2024-10-07,AGREED_SPLIT_TESTABLE_AMBIGUOUS,price matches but dollar volume is 255.5x the prior median (crash-like),False
427,ALGS,2166,2024-08-13,AGREED_SPLIT_TESTABLE_AMBIGUOUS,a jump exists (max |ln R|=3.356) that does not match the claim,False
445,ALLR,1815,2023-03-21,AGREED_SPLIT_TESTABLE_AMBIGUOUS,price matches but dollar volume is 18.7x the prior median (crash-like),False
445,ALLR,1880,2023-06-23,AGREED_SPLIT_TESTABLE_AMBIGUOUS,price matches but dollar volume is 20.9x the prior median (crash-like),False
445,ALLR,2075,2024-04-03,AGREED_SPLIT_TESTABLE_AMBIGUOUS,price matches but dollar volume is 44.9x the prior median (crash-like),False
445,ALLR,2182,2024-09-05,AGREED_SPLIT_TESTABLE_AMBIGUOUS,a jump exists (max |ln R|=3.223) that does not match the claim,False
490,ALUR,2261,2024-12-27,AGREED_SPLIT_TESTABLE_AMBIGUOUS,price matches but dollar volume is 7.8x the prior median (crash-like),False
494,ALVR,2269,2025-01-10,AGREED_SPLIT_TESTABLE_AMBIGUOUS,price matches but dollar volume is 10.0x the prior median (crash-like),False
499,ALZN,1966,2023-10-25,AGREED_SPLIT_TESTABLE_AMBIGUOUS,a jump exists (max |ln R|=2.584) that does not match the claim,False
499,ALZN,2142,2024-07-10,AGREED_SPLIT_TESTABLE_AMBIGUOUS,price matches but dollar volume is 8.3x the prior median (crash-like),False
499,ALZN,2348,2025-05-06,AGREED_SPLIT_TESTABLE_AMBIGUOUS,price matches but dollar volume is 10.4x the prior median (crash-like),False
513,AMC,1919,2023-08-18,AGREED_SPLIT_TESTABLE_AMBIGUOUS,a jump exists (max |ln R|=2.119) that does not match the claim,True
528,AMIX,2214,2024-10-21,AGREED_SPLIT_TESTABLE_AMBIGUOUS,a jump exists (max |ln R|=2.779) that does not match the claim,False
528,AMIX,2628,2026-06-17,AGREED_SPLIT_TESTABLE_AMBIGUOUS,price matches but dollar volume is 12.4x the prior median (crash-like),False
536,AMOD,2622,2026-06-09,AGREED_SPLIT_TESTABLE_AMBIGUOUS,price matches but dollar volume is 15.7x the prior median (crash-like),False
539,AMPE,1931,2023-09-06,AGREED_SPLIT_TESTABLE_AMBIGUOUS,price matches but dollar volume is 15.7x the prior median (crash-like),False
550,AMRH,977,2019-11-19,DISPUTED_SPLIT_AMBIGUOUS,price matches but dollar volume is 5.6x the prior median (crash-like),False
550,AMRH,1254,2020-12-24,AGREED_SPLIT_TESTABLE_AMBIGUOUS,a jump exists (max |ln R|=0.230) that does not match the claim,False
562,AMST,1792,2023-02-15,AGREED_SPLIT_TESTABLE_AMBIGUOUS,a jump exists (max |ln R|=2.245) that does not match the claim,False
574,AMZE,2371,2025-06-09,AGREED_SPLIT_TESTABLE_AMBIGUOUS,price matches but dollar volume is 5.8x the prior median (crash-like),False
574,AMZE,2650,2026-07-21,AGREED_SPLIT_TESTABLE_AMBIGUOUS,a jump exists (max |ln R|=1.605) that does not match the claim,False
594,ANGH,2405,2025-07-29,AGREED_SPLIT_TESTABLE_AMBIGUOUS,price matches but dollar volume is 7.6x the prior median (crash-like),False
615,ANY,1880,2023-06-23,AGREED_SPLIT_TESTABLE_AMBIGUOUS,price matches but dollar volume is 8.8x the prior median (crash-like),True
615,ANY,2536,2026-02-04,AGREED_SPLIT_TESTABLE_AMBIGUOUS,price matches but dollar volume is 6.8x the prior median (crash-like),True
637,APCX,1509,2021-12-30,AGREED_SPLIT_TESTABLE_AMBIGUOUS,a jump exists (max |ln R|=0.160) that does not match the claim,False
639,APDN,961,2019-10-28,AGREED_SPLIT_TESTABLE_AMBIGUOUS,a jump exists (max |ln R|=3.548) that does not match the claim,False
639,APDN,2087,2024-04-19,AGREED_SPLIT_TESTABLE_AMBIGUOUS,price matches but dollar volume is 13.2x the prior median (crash-like),False
639,APDN,2308,2025-03-10,AGREED_SPLIT_TESTABLE_AMBIGUOUS,price matches but dollar volume is 5.7x the prior median (crash-like),False
639,APDN,2362,2025-05-27,AGREED_SPLIT_TESTABLE_AMBIGUOUS,price matches but dollar volume is 5.6x the prior median (crash-like),False
642,APEX,1171,2020-08-27,AGREED_SPLIT_TESTABLE_AMBIGUOUS,price matches but dollar volume is 10.1x the prior median (crash-like),False
655,APLM,2235,2024-11-19,AGREED_SPLIT_TESTABLE_AMBIGUOUS,a jump exists (max |ln R|=4.516) that does not match the claim,False
659,APM,1771,2023-01-17,AGREED_SPLIT_TESTABLE_AMBIGUOUS,price matches but dollar volume is 10.0x the prior median (crash-like),False
673,APRE,1786,2023-02-07,AGREED_SPLIT_TESTABLE_AMBIGUOUS,a jump exists (max |ln R|=2.794) that does not match the claim,False
675,APRN,1866,2023-06-02,AGREED_SPLIT_TESTABLE_AMBIGUOUS,price matches but dollar volume is 6.2x the prior median (crash-like),False
680,APTO,2296,2025-02-20,AGREED_SPLIT_TESTABLE_AMBIGUOUS,price matches but dollar volume is 6.7x the prior median (crash-like),False
687,APVO,1061,2020-03-23,AGREED_SPLIT_TESTABLE_AMBIGUOUS,a jump exists (max |ln R|=2.465) that does not match the claim,False
687,APVO,2052,2024-02-29,AGREED_SPLIT_TESTABLE_AMBIGUOUS,price matches but dollar volume is 18.1x the prior median (crash-like),False
695,AQB,1955,2023-10-10,AGREED_SPLIT_TESTABLE_AMBIGUOUS,a jump exists (max |ln R|=2.866) that does not match the claim,False
707,ARBB,2362,2025-05-27,AGREED_SPLIT_TESTABLE_AMBIGUOUS,a jump exists (max |ln R|=2.553) that does not match the claim,False
716,ARCI,825,2019-04-15,DISPUTED_SPLIT_AMBIGUOUS,a jump exists (max |ln R|=1.767) that does not match the claim,False
720,ARCO,1148,2020-07-27,DISPUTED_SPLIT_AMBIGUOUS,untestable ratio (|ln m|=0.013 < 0.3),False
720,ARCO,1386,2021-07-07,DISPUTED_SPLIT_AMBIGUOUS,untestable ratio (|ln m|=0.014 < 0.3),False
729,AREB,1531,2022-02-01,AGREED_SPLIT_TESTABLE_AMBIGUOUS,a jump exists (max |ln R|=0.488) that does not match the claim,False
729,AREB,1878,2023-06-21,AGREED_SPLIT_TESTABLE_AMBIGUOUS,price matches but dollar volume is 349.0x the prior median (crash-like),False
729,AREB,2197,2024-09-26,AGREED_SPLIT_TESTABLE_AMBIGUOUS,a jump exists (max |ln R|=1.757) that does not match the claim,False
729,AREB,2319,2025-03-25,AGREED_SPLIT_TESTABLE_AMBIGUOUS,a jump exists (max |ln R|=3.127) that does not match the claim,False
729,AREB,2448,2025-09-29,AGREED_SPLIT_TESTABLE_AMBIGUOUS,a jump exists (max |ln R|=2.891) that does not match the claim,False
729,AREB,2530,2026-01-27,AGREED_SPLIT_TESTABLE_AMBIGUOUS,a jump exists (max |ln R|=2.401) that does not match the claim,False
753,ARNC,1064,2020-03-26,DISPUTED_SPLIT_AMBIGUOUS,a jump exists (max |ln R|=0.074) that does not match the claim,True
756,AROW,927,2019-09-10,DISPUTED_SPLIT_AMBIGUOUS,untestable ratio (|ln m|=0.030 < 0.3),False
756,AROW,1180,2020-09-10,DISPUTED_SPLIT_AMBIGUOUS,untestable ratio (|ln m|=0.030 < 0.3),False
756,AROW,1432,2021-09-10,DISPUTED_SPLIT_AMBIGUOUS,untestable ratio (|ln m|=0.030 < 0.3),False
756,AROW,1684,2022-09-12,DISPUTED_SPLIT_AMBIGUOUS,untestable ratio (|ln m|=0.030 < 0.3),False
756,AROW,1936,2023-09-13,DISPUTED_SPLIT_AMBIGUOUS,untestable ratio (|ln m|=0.030 < 0.3),False
761,ARQQ,2192,2024-09-19,AGREED_SPLIT_TESTABLE_AMBIGUOUS,a jump exists (max |ln R|=3.044) that does not match the claim,False
770,ARTL,1658,2022-08-04,AGREED_SPLIT_TESTABLE_AMBIGUOUS,price matches but dollar volume is 28.2x the prior median (crash-like),False
770,ARTL,2371,2025-06-09,AGREED_SPLIT_TESTABLE_AMBIGUOUS,a jump exists (max |ln R|=1.687) that does not match the claim,False
770,ARTL,2555,2026-03-04,AGREED_SPLIT_TESTABLE_AMBIGUOUS,price matches but dollar volume is 15.0x the prior median (crash-like),False
770,ARTL,2675,2026-08-25,AGREED_SPLIT_TESTABLE_AMBIGUOUS,price matches but dollar volume is 37.9x the prior median (crash-like),False
806,ASMB,2036,2024-02-06,AGREED_SPLIT_TESTABLE_AMBIGUOUS,a jump exists (max |ln R|=2.389) that does not match the claim,False
807,ASNA,994,2019-12-13,AGREED_SPLIT_TESTABLE_AMBIGUOUS,price matches but dollar volume is 6.4x the prior median (crash-like),False
809,ASNS,1831,2023-04-13,AGREED_SPLIT_TESTABLE_AMBIGUOUS,a jump exists (max |ln R|=2.153) that does not match the claim,False
817,ASPS,2359,2025-05-21,AGREED_SPLIT_TESTABLE_AMBIGUOUS,a jump exists (max |ln R|=1.977) that does not match the claim,False
819,ASRT,2506,2025-12-19,AGREED_SPLIT_TESTABLE_AMBIGUOUS,price matches but dollar volume is 6.0x the prior median (crash-like),False
823,ASTC,1739,2022-11-29,AGREED_SPLIT_TESTABLE_AMBIGUOUS,price matches but dollar volume is 7.8x the prior median (crash-like),False
827,ASTI,1931,2023-09-06,AGREED_SPLIT_TESTABLE_AMBIGUOUS,a jump exists (max |ln R|=5.628) that does not match the claim,False
829,ASTR,1933,2023-09-08,AGREED_SPLIT_TESTABLE_AMBIGUOUS,a jump exists (max |ln R|=2.586) that does not match the claim,True
843,ATCH,2260,2024-12-26,AGREED_SPLIT_TESTABLE_AMBIGUOUS,price matches but dollar volume is 23.9x the prior median (crash-like),False
850,ATER,2064,2024-03-18,AGREED_SPLIT_TESTABLE_AMBIGUOUS,price matches but dollar volume is 6.3x the prior median (crash-like),True
855,ATHA,2437,2025-09-12,AGREED_SPLIT_TESTABLE_AMBIGUOUS,price matches but dollar volume is 7.9x the prior median (crash-like),False
861,ATIF,1420,2021-08-24,AGREED_SPLIT_TESTABLE_AMBIGUOUS,a jump exists (max |ln R|=1.696) that does not match the claim,False
863,ATIP,1871,2023-06-09,AGREED_SPLIT_TESTABLE_AMBIGUOUS,a jump exists (max |ln R|=3.765) that does not match the claim,False
864,ATIS,801,2019-03-12,AGREED_SPLIT_TESTABLE_AMBIGUOUS,price matches but dollar volume is 5.4x the prior median (crash-like),False
877,ATNF,1749,2022-12-13,AGREED_SPLIT_TESTABLE_AMBIGUOUS,a jump exists (max |ln R|=3.242) that does not match the claim,False
877,ATNF,2047,2024-02-22,AGREED_SPLIT_TESTABLE_AMBIGUOUS,price matches but dollar volume is 11.4x the prior median (crash-like),False
884,ATOS,2530,2026-01-27,AGREED_SPLIT_TESTABLE_AMBIGUOUS,a jump exists (max |ln R|=2.549) that does not match the claim,True
885,ATPC,2175,2024-08-26,AGREED_SPLIT_TESTABLE_AMBIGUOUS,a jump exists (max |ln R|=3.402) that does not match the claim,False
890,ATRO,2622,2026-06-09,DISPUTED_SPLIT_AMBIGUOUS,untestable ratio (|ln m|=0.182 < 0.3),False
894,ATTO,1147,2020-07-24,AGREED_SPLIT_TESTABLE_AMBIGUOUS,price matches but dollar volume is 12.6x the prior median (crash-like),False
903,ATXG,1881,2023-06-26,AGREED_SPLIT_TESTABLE_AMBIGUOUS,price matches but dollar volume is 196.1x the prior median (crash-like),False
903,ATXG,2569,2026-03-24,AGREED_SPLIT_TESTABLE_AMBIGUOUS,price matches but dollar volume is 7.7x the prior median (crash-like),False
904,ATXI,1689,2022-09-19,AGREED_SPLIT_TESTABLE_AMBIGUOUS,price matches but dollar volume is 205.6x the prior median (crash-like),False
904,ATXI,2088,2024-04-22,AGREED_SPLIT_TESTABLE_AMBIGUOUS,a jump exists (max |ln R|=4.158) that does not match the claim,False
917,AUID,1886,2023-07-03,AGREED_SPLIT_TESTABLE_AMBIGUOUS,price matches but dollar volume is 28.6x the prior median (crash-like),False
918,AULT,1852,2023-05-12,AGREED_SPLIT_TESTABLE_AMBIGUOUS,price matches but dollar volume is 9.2x the prior median (crash-like),False
919,AUMN,1867,2023-06-05,AGREED_SPLIT_TESTABLE_AMBIGUOUS,a jump exists (max |ln R|=3.110) that does not match the claim,False
929,AUUD,2046,2024-02-21,AGREED_SPLIT_TESTABLE_AMBIGUOUS,price matches but dollar volume is 25.2x the prior median (crash-like),False
929,AUUD,2571,2026-03-26,AGREED_SPLIT_TESTABLE_AMBIGUOUS,price matches but dollar volume is 9.1x the prior median (crash-like),False
945,AVCT,1695,2022-09-27,AGREED_SPLIT_TESTABLE_AMBIGUOUS,a jump exists (max |ln R|=2.421) that does not match the claim,False
953,AVGR,869,2019-06-18,AGREED_SPLIT_TESTABLE_AMBIGUOUS,a jump exists (max |ln R|=2.120) that does not match the claim,False
953,AVGR,1556,2022-03-09,AGREED_SPLIT_TESTABLE_AMBIGUOUS,price matches but dollar volume is 10.5x the prior median (crash-like),False
953,AVGR,1932,2023-09-07,AGREED_SPLIT_TESTABLE_AMBIGUOUS,price matches but dollar volume is 16.2x the prior median (crash-like),False
973,AVTX,1635,2022-07-01,AGREED_SPLIT_TESTABLE_AMBIGUOUS,price matches but dollar volume is 6.3x the prior median (crash-like),False
973,AVTX,2007,2023-12-22,AGREED_SPLIT_TESTABLE_AMBIGUOUS,a jump exists (max |ln R|=5.329) that does not match the claim,False
979,AWH,1848,2023-05-08,AGREED_SPLIT_TESTABLE_AMBIGUOUS,price matches but dollar volume is 6.1x the prior median (crash-like),False
981,AWIN,2070,2024-03-26,AGREED_SPLIT_TESTABLE_AMBIGUOUS,a jump exists (max |ln R|=4.498) that does not match the claim,False
990,AXAS,1203,2020-10-13,AGREED_SPLIT_TESTABLE_AMBIGUOUS,a jump exists (max |ln R|=2.744) that does not match the claim,False
991,AXDX,1888,2023-07-06,AGREED_SPLIT_TESTABLE_AMBIGUOUS,price matches but dollar volume is 9.2x the prior median (crash-like),False
995,AXGT,837,2019-05-02,DISPUTED_SPLIT_AMBIGUOUS,a jump exists (max |ln R|=2.012) that does not match the claim,False
1017,AYRO,1935,2023-09-12,AGREED_SPLIT_TESTABLE_AMBIGUOUS,a jump exists (max |ln R|=1.929) that does not match the claim,False
1017,AYRO,2379,2025-06-20,AGREED_SPLIT_TESTABLE_AMBIGUOUS,price matches but dollar volume is 21.0x the prior median (crash-like),False
1018,AYTU,1239,2020-12-03,AGREED_SPLIT_TESTABLE_AMBIGUOUS,a jump exists (max |ln R|=2.139) that does not match the claim,False
1018,AYTU,1761,2022-12-30,AGREED_SPLIT_TESTABLE_AMBIGUOUS,a jump exists (max |ln R|=2.787) that does not match the claim,False
1028,AZRX,1429,2021-09-07,AGREED_SPLIT_TESTABLE_AMBIGUOUS,price matches but dollar volume is 5.2x the prior median (crash-like),False
1030,AZTR,2418,2025-08-15,AGREED_SPLIT_TESTABLE_AMBIGUOUS,price matches but dollar volume is 63.7x the prior median (crash-like),False
1041,BACK,1929,2023-09-01,AGREED_SPLIT_TESTABLE_AMBIGUOUS,a jump exists (max |ln R|=3.293) that does not match the claim,False
1054,BANL,2645,2026-07-14,AGREED_SPLIT_TESTABLE_AMBIGUOUS,a jump exists (max |ln R|=2.369) that does not match the claim,False
1057,BAOS,1606,2022-05-19,AGREED_SPLIT_TESTABLE_AMBIGUOUS,a jump exists (max |ln R|=1.006) that does not match the claim,False
1057,BAOS,1812,2023-03-16,AGREED_SPLIT_TESTABLE_AMBIGUOUS,price matches but dollar volume is 403.1x the prior median (crash-like),False
1072,BBBY,2447,2025-09-26,DISPUTED_SPLIT_AMBIGUOUS,untestable ratio (|ln m|=0.095 < 0.3),False
1078,BBI,1632,2022-06-28,AGREED_SPLIT_TESTABLE_AMBIGUOUS,a jump exists (max |ln R|=3.694) that does not match the claim,False
1079,BBIG,1847,2023-05-05,AGREED_SPLIT_TESTABLE_AMBIGUOUS,a jump exists (max |ln R|=2.914) that does not match the claim,True
1082,BBLG,1865,2023-06-01,AGREED_SPLIT_TESTABLE_AMBIGUOUS,price matches but dollar volume is 18.3x the prior median (crash-like),False
1082,BBLG,2368,2025-06-04,AGREED_SPLIT_TESTABLE_AMBIGUOUS,price matches but dollar volume is 11.2x the prior median (crash-like),False
1083,BBLN,1748,2022-12-12,AGREED_SPLIT_TESTABLE_AMBIGUOUS,price matches but dollar volume is 12.9x the prior median (crash-like),False
1104,BCAN,2064,2024-03-18,AGREED_SPLIT_TESTABLE_AMBIGUOUS,a jump exists (max |ln R|=4.869) that does not match the claim,False
1104,BCAN,2171,2024-08-20,AGREED_SPLIT_TESTABLE_AMBIGUOUS,price matches but dollar volume is 10.4x the prior median (crash-like),False
1110,BCDA,2111,2024-05-23,AGREED_SPLIT_TESTABLE_AMBIGUOUS,price matches but dollar volume is 5.9x the prior median (crash-like),False
1132,BCTX,2420,2025-08-19,AGREED_SPLIT_TESTABLE_AMBIGUOUS,a jump exists (max |ln R|=2.168) that does not match the claim,False
1161,BENF,2082,2024-04-12,AGREED_SPLIT_TESTABLE_AMBIGUOUS,a jump exists (max |ln R|=4.157) that does not match the claim,False
1161,BENF,2498,2025-12-09,AGREED_SPLIT_TESTABLE_AMBIGUOUS,price matches but dollar volume is 17.1x the prior median (crash-like),False
1162,BEP,1147,2020-07-24,DISPUTED_SPLIT_AMBIGUOUS,a jump exists (max |ln R|=0.208) that does not match the claim,False
1168,BETS,2014,2024-01-04,AGREED_SPLIT_TESTABLE_AMBIGUOUS,a jump exists (max |ln R|=7.104) that does not match the claim,False
1179,BFRI,1883,2023-06-28,AGREED_SPLIT_TESTABLE_AMBIGUOUS,a jump exists (max |ln R|=2.892) that does not match the claim,False
1194,BGLC,1894,2023-07-14,AGREED_SPLIT_TESTABLE_AMBIGUOUS,a jump exists (max |ln R|=0.337) that does not match the claim,False
1194,BGLC,2324,2025-04-01,AGREED_SPLIT_TESTABLE_AMBIGUOUS,price matches but dollar volume is 29.9x the prior median (crash-like),False
1196,BGMS,2385,2025-06-30,DISPUTED_SPLIT_AMBIGUOUS,price matches but dollar volume is 20.6x the prior median (crash-like),False
1207,BHAT,1608,2022-05-23,AGREED_SPLIT_TESTABLE_AMBIGUOUS,a jump exists (max |ln R|=2.526) that does not match the claim,False
1218,BHG,1854,2023-05-16,AGREED_SPLIT_TESTABLE_AMBIGUOUS,a jump exists (max |ln R|=4.176) that does not match the claim,False
1229,BIAF,2438,2025-09-15,AGREED_SPLIT_TESTABLE_AMBIGUOUS,price matches but dollar volume is 18.7x the prior median (crash-like),False
1229,BIAF,2670,2026-08-18,AGREED_SPLIT_TESTABLE_AMBIGUOUS,price matches but dollar volume is 5.9x the prior median (crash-like),False
1239,BIMI,1529,2022-01-28,AGREED_SPLIT_TESTABLE_AMBIGUOUS,a jump exists (max |ln R|=1.416) that does not match the claim,False
1239,BIMI,1744,2022-12-06,AGREED_SPLIT_TESTABLE_AMBIGUOUS,price matches but dollar volume is 21.7x the prior median (crash-like),False
1241,BINI,2362,2025-05-27,DISPUTED_SPLIT_AMBIGUOUS,a jump exists (max |ln R|=4.147) that does not match the claim,False
1241,BINI,2405,2025-07-29,AGREED_SPLIT_TESTABLE_AMBIGUOUS,a jump exists (max |ln R|=5.230) that does not match the claim,False
1241,BINI,2439,2025-09-16,AGREED_SPLIT_TESTABLE_AMBIGUOUS,a jump exists (max |ln R|=5.017) that does not match the claim,False
1247,BIOC,1174,2020-09-01,AGREED_SPLIT_TESTABLE_AMBIGUOUS,a jump exists (max |ln R|=2.159) that does not match the claim,False
1247,BIOC,1851,2023-05-11,AGREED_SPLIT_TESTABLE_AMBIGUOUS,price matches but dollar volume is 32.8x the prior median (crash-like),False
1249,BIOL,1588,2022-04-25,AGREED_SPLIT_TESTABLE_AMBIGUOUS,a jump exists (max |ln R|=3.094) that does not match the claim,False
1249,BIOL,1900,2023-07-24,AGREED_SPLIT_TESTABLE_AMBIGUOUS,a jump exists (max |ln R|=4.739) that does not match the claim,False
1251,BIOR,2209,2024-10-14,AGREED_SPLIT_TESTABLE_AMBIGUOUS,a jump exists (max |ln R|=2.240) that does not match the claim,False
1264,BIVI,2385,2025-06-30,AGREED_SPLIT_TESTABLE_AMBIGUOUS,price matches but dollar volume is 10.1x the prior median (crash-like),False
1270,BJDX,1896,2023-07-18,AGREED_SPLIT_TESTABLE_AMBIGUOUS,price matches but dollar volume is 1421.7x the prior median (crash-like),False
1270,BJDX,2528,2026-01-23,AGREED_SPLIT_TESTABLE_AMBIGUOUS,price matches but dollar volume is 37.9x the prior median (crash-like),False
1289,BKTI,1834,2023-04-18,AGREED_SPLIT_TESTABLE_AMBIGUOUS,a jump exists (max |ln R|=1.505) that does not match the claim,False
1296,BLBX,1825,2023-04-04,AGREED_SPLIT_TESTABLE_AMBIGUOUS,price matches but dollar volume is 5.3x the prior median (crash-like),False
1307,BLIN,833,2019-04-26,AGREED_SPLIT_TESTABLE_AMBIGUOUS,price matches but dollar volume is 21.5x the prior median (crash-like),False
1316,BLNE,2306,2025-03-06,AGREED_SPLIT_TESTABLE_AMBIGUOUS,price matches but dollar volume is 9.3x the prior median (crash-like),False
1320,BLPH,1028,2020-02-04,AGREED_SPLIT_TESTABLE_AMBIGUOUS,a jump exists (max |ln R|=2.605) that does not match the claim,False
1359,BNBX,2362,2025-05-27,DISPUTED_SPLIT_AMBIGUOUS,price matches but dollar volume is 5.6x the prior median (crash-like),False
1360,BNC,2117,2024-06-03,DISPUTED_SPLIT_AMBIGUOUS,a jump exists (max |ln R|=2.290) that does not match the claim,False
1363,BNED,2120,2024-06-06,AGREED_SPLIT_TESTABLE_AMBIGUOUS,a jump exists (max |ln R|=4.314) that does not match the claim,False
1370,BNMV,1849,2023-05-09,DISPUTED_SPLIT_AMBIGUOUS,a jump exists (max |ln R|=3.582) that does not match the claim,False
1373,BNRG,1989,2023-11-28,AGREED_SPLIT_TESTABLE_AMBIGUOUS,price matches but dollar volume is 14.9x the prior median (crash-like),False
1373,BNRG,2525,2026-01-20,AGREED_SPLIT_TESTABLE_AMBIGUOUS,price matches but dollar volume is 6.1x the prior median (crash-like),False
1373,BNRG,2580,2026-04-09,AGREED_SPLIT_TESTABLE_AMBIGUOUS,a jump exists (max |ln R|=1.758) that does not match the claim,False
1373,BNRG,2663,2026-08-07,AGREED_SPLIT_TESTABLE_AMBIGUOUS,price matches but dollar volume is 13.3x the prior median (crash-like),False
1377,BNTC,972,2019-11-12,DISPUTED_SPLIT_AMBIGUOUS,price matches but dollar volume is 10.3x the prior median (crash-like),False
1377,BNTC,1898,2023-07-20,AGREED_SPLIT_TESTABLE_AMBIGUOUS,price matches but dollar volume is 177.1x the prior median (crash-like),False
1379,BNZI,2188,2024-09-13,AGREED_SPLIT_TESTABLE_AMBIGUOUS,a jump exists (max |ln R|=3.765) that does not match the claim,False
1379,BNZI,2386,2025-07-01,AGREED_SPLIT_TESTABLE_AMBIGUOUS,a jump exists (max |ln R|=2.225) that does not match the claim,False
1395,BON,2077,2024-04-05,AGREED_SPLIT_TESTABLE_AMBIGUOUS,price matches but dollar volume is 14.0x the prior median (crash-like),False
1402,BOTJ,1374,2021-06-18,DISPUTED_SPLIT_AMBIGUOUS,untestable ratio (|ln m|=0.095 < 0.3),False
1410,BOXL,1871,2023-06-09,AGREED_SPLIT_TESTABLE_AMBIGUOUS,price matches but dollar volume is 7.4x the prior median (crash-like),False
1410,BOXL,2504,2025-12-17,AGREED_SPLIT_TESTABLE_AMBIGUOUS,price matches but dollar volume is 16.8x the prior median (crash-like),False
1410,BOXL,2626,2026-06-15,AGREED_SPLIT_TESTABLE_AMBIGUOUS,price matches but dollar volume is 45.1x the prior median (crash-like),False
1417,BPMX,1097,2020-05-13,AGREED_SPLIT_TESTABLE_AMBIGUOUS,a jump exists (max |ln R|=0.439) that does not match the claim,False
1423,BPTH,762,2019-01-14,AGREED_SPLIT_TESTABLE_AMBIGUOUS,price matches but dollar volume is 562.1x the prior median (crash-like),False
1423,BPTH,2044,2024-02-16,AGREED_SPLIT_TESTABLE_AMBIGUOUS,price matches but dollar volume is 7.8x the prior median (crash-like),False
1429,BQ,1612,2022-05-27,AGREED_SPLIT_TESTABLE_AMBIGUOUS,price matches but dollar volume is 106.7x the prior median (crash-like),False
1429,BQ,1916,2023-08-15,AGREED_SPLIT_TESTABLE_AMBIGUOUS,a jump exists (max |ln R|=1.327) that does not match the claim,False
1429,BQ,2271,2025-01-14,AGREED_SPLIT_TESTABLE_AMBIGUOUS,price matches but dollar volume is 6.9x the prior median (crash-like),False
1439,BRCC,2670,2026-08-18,AGREED_SPLIT_TESTABLE_AMBIGUOUS,price matches but dollar volume is 5.1x the prior median (crash-like),False
1444,BRDS,1853,2023-05-15,AGREED_SPLIT_TESTABLE_AMBIGUOUS,price matches but dollar volume is 6.8x the prior median (crash-like),False
1472,BRQS,1627,2022-06-21,AGREED_SPLIT_TESTABLE_AMBIGUOUS,a jump exists (max |ln R|=2.516) that does not match the claim,False
1472,BRQS,1951,2023-10-04,AGREED_SPLIT_TESTABLE_AMBIGUOUS,a jump exists (max |ln R|=2.303) that does not match the claim,False
1475,BRSH,1902,2023-07-26,AGREED_SPLIT_TESTABLE_AMBIGUOUS,price matches but dollar volume is 71.5x the prior median (crash-like),False
1493,BSFC,1874,2023-06-14,AGREED_SPLIT_TESTABLE_AMBIGUOUS,price matches but dollar volume is 11.3x the prior median (crash-like),False
1493,BSFC,2104,2024-05-14,AGREED_SPLIT_TESTABLE_AMBIGUOUS,price matches but dollar volume is 8.4x the prior median (crash-like),False
1503,BSLK,2334,2025-04-15,AGREED_SPLIT_TESTABLE_AMBIGUOUS,price matches but dollar volume is 37.2x the prior median (crash-like),False
1523,BTCT,1593,2022-05-02,DISPUTED_SPLIT_AMBIGUOUS,a jump exists (max |ln R|=3.034) that does not match the claim,False
1523,BTCT,1919,2023-08-18,DISPUTED_SPLIT_AMBIGUOUS,a jump exists (max |ln R|=2.849) that does not match the claim,False
1524,BTCY,1882,2023-06-27,AGREED_SPLIT_TESTABLE_AMBIGUOUS,a jump exists (max |ln R|=1.689) that does not match the claim,False
1529,BTLN,2694,2026-09-22,AGREED_SPLIT_TESTABLE_AMBIGUOUS,a jump exists (max |ln R|=1.833) that does not match the claim,False
1535,BTOG,1859,2023-05-23,AGREED_SPLIT_TESTABLE_AMBIGUOUS,a jump exists (max |ln R|=3.799) that does not match the claim,False
1535,BTOG,2521,2026-01-13,AGREED_SPLIT_TESTABLE_AMBIGUOUS,price matches but dollar volume is 5.6x the prior median (crash-like),False
1535,BTOG,2669,2026-08-17,AGREED_SPLIT_TESTABLE_AMBIGUOUS,price matches but dollar volume is 140.2x the prior median (crash-like),False
1539,BTTC,2280,2025-01-28,DISPUTED_SPLIT_AMBIGUOUS,a jump exists (max |ln R|=0.072) that does not match the claim,False
1540,BTTR,2063,2024-03-15,AGREED_SPLIT_TESTABLE_AMBIGUOUS,price matches but dollar volume is 6.4x the prior median (crash-like),False
1549,BURG,1065,2020-03-27,AGREED_SPLIT_TESTABLE_AMBIGUOUS,a jump exists (max |ln R|=0.438) that does not match the claim,False
1556,BVC,2511,2025-12-29,AGREED_SPLIT_TESTABLE_AMBIGUOUS,price matches but dollar volume is 70.4x the prior median (crash-like),False
1562,BW,890,2019-07-18,AGREED_SPLIT_TESTABLE_AMBIGUOUS,a jump exists (max |ln R|=2.229) that does not match the claim,False
1594,BXRX,1538,2022-02-10,AGREED_SPLIT_TESTABLE_AMBIGUOUS,price matches but dollar volume is 8.1x the prior median (crash-like),False
1594,BXRX,1692,2022-09-22,DISPUTED_SPLIT_AMBIGUOUS,untestable ratio (|ln m|=0.001 < 0.3),False
1594,BXRX,1737,2022-11-25,AGREED_SPLIT_TESTABLE_AMBIGUOUS,price matches but dollar volume is 23.5x the prior median (crash-like),False
1598,BYAH,2658,2026-07-31,AGREED_SPLIT_TESTABLE_AMBIGUOUS,price matches but dollar volume is 223.6x the prior median (crash-like),False
1601,BYFC,1967,2023-10-26,AGREED_SPLIT_TESTABLE_AMBIGUOUS,price matches but dollar volume is 9.5x the prior median (crash-like),False
1643,CALA,1620,2022-06-09,AGREED_SPLIT_TESTABLE_AMBIGUOUS,a jump exists (max |ln R|=2.873) that does not match the claim,False
1654,CANO,1969,2023-10-30,AGREED_SPLIT_TESTABLE_AMBIGUOUS,price matches but dollar volume is 10.9x the prior median (crash-like),False
1664,CARA,2259,2024-12-24,AGREED_SPLIT_TESTABLE_AMBIGUOUS,price matches but dollar volume is 7.3x the prior median (crash-like),False
1669,CARM,1802,2023-03-02,DISPUTED_SPLIT_AMBIGUOUS,a jump exists (max |ln R|=2.220) that does not match the claim,False
1679,CASI,1611,2022-05-26,AGREED_SPLIT_TESTABLE_AMBIGUOUS,a jump exists (max |ln R|=2.048) that does not match the claim,False
1686,CATB,1414,2021-08-16,AGREED_SPLIT_TESTABLE_AMBIGUOUS,a jump exists (max |ln R|=1.665) that does not match the claim,False
1708,CBIO,2372,2025-06-10,DISPUTED_SPLIT_AMBIGUOUS,a jump exists (max |ln R|=4.813) that does not match the claim,False
1732,CBSH,981,2019-11-25,DISPUTED_SPLIT_AMBIGUOUS,untestable ratio (|ln m|=0.049 < 0.3),False
1732,CBSH,1233,2020-11-24,DISPUTED_SPLIT_AMBIGUOUS,untestable ratio (|ln m|=0.049 < 0.3),False
1732,CBSH,1485,2021-11-24,DISPUTED_SPLIT_AMBIGUOUS,untestable ratio (|ln m|=0.049 < 0.3),False
1732,CBSH,1737,2022-11-25,DISPUTED_SPLIT_AMBIGUOUS,untestable ratio (|ln m|=0.049 < 0.3),False
1732,CBSH,1988,2023-11-27,DISPUTED_SPLIT_AMBIGUOUS,untestable ratio (|ln m|=0.049 < 0.3),False
1732,CBSH,2240,2024-11-26,DISPUTED_SPLIT_AMBIGUOUS,untestable ratio (|ln m|=0.049 < 0.3),False
1732,CBSH,2489,2025-11-25,DISPUTED_SPLIT_AMBIGUOUS,untestable ratio (|ln m|=0.049 < 0.3),False
1736,CBUS,1835,2023-04-19,DISPUTED_SPLIT_AMBIGUOUS,a jump exists (max |ln R|=2.068) that does not match the claim,False
1748,CCCL,1172,2020-08-28,DISPUTED_SPLIT_AMBIGUOUS,a jump exists (max |ln R|=0.900) that does not match the claim,False
1758,CCG,2645,2026-07-14,AGREED_SPLIT_TESTABLE_AMBIGUOUS,price matches but dollar volume is 5.0x the prior median (crash-like),False
1760,CCHH,2640,2026-07-07,AGREED_SPLIT_TESTABLE_AMBIGUOUS,a jump exists (max |ln R|=2.131) that does not match the claim,False
1786,CCTG,2524,2026-01-16,AGREED_SPLIT_TESTABLE_AMBIGUOUS,price matches but dollar volume is 6.4x the prior median (crash-like),False
1806,CDLX,2617,2026-06-02,AGREED_SPLIT_TESTABLE_AMBIGUOUS,price matches but dollar volume is 6.2x the prior median (crash-like),True
1813,CDR,1231,2020-11-20,AGREED_SPLIT_TESTABLE_AMBIGUOUS,price matches but dollar volume is 5.5x the prior median (crash-like),False
1816,CDT,2275,2025-01-21,AGREED_SPLIT_TESTABLE_AMBIGUOUS,a jump exists (max |ln R|=4.408) that does not match the claim,False
1816,CDT,2568,2026-03-23,AGREED_SPLIT_TESTABLE_AMBIGUOUS,a jump exists (max |ln R|=3.080) that does not match the claim,False
1817,CDTG,2612,2026-05-26,AGREED_SPLIT_TESTABLE_AMBIGUOUS,price matches but dollar volume is 18.6x the prior median (crash-like),False
1825,CEAD,1533,2022-02-03,AGREED_SPLIT_TESTABLE_AMBIGUOUS,a jump exists (max |ln R|=0.134) that does not match the claim,False
1825,CEAD,2117,2024-06-03,AGREED_SPLIT_TESTABLE_AMBIGUOUS,a jump exists (max |ln R|=2.290) that does not match the claim,False
1829,CEI,878,2019-07-01,DISPUTED_SPLIT_AMBIGUOUS,a jump exists (max |ln R|=3.096) that does not match the claim,False
1829,CEI,958,2019-10-23,AGREED_SPLIT_TESTABLE_AMBIGUOUS,a jump exists (max |ln R|=3.776) that does not match the claim,False
1829,CEI,1751,2022-12-15,AGREED_SPLIT_TESTABLE_AMBIGUOUS,price matches but dollar volume is 12.3x the prior median (crash-like),False
1838,CELZ,1868,2023-06-06,AGREED_SPLIT_TESTABLE_AMBIGUOUS,price matches but dollar volume is 11.7x the prior median (crash-like),False
1842,CENN,995,2019-12-16,DISPUTED_SPLIT_AMBIGUOUS,a jump exists (max |ln R|=4.360) that does not match the claim,False
1842,CENN,1500,2021-12-16,DISPUTED_SPLIT_AMBIGUOUS,a jump exists (max |ln R|=2.510) that does not match the claim,False
1842,CENN,1993,2023-12-04,AGREED_SPLIT_TESTABLE_AMBIGUOUS,a jump exists (max |ln R|=2.156) that does not match the claim,False
1842,CENN,2578,2026-04-07,AGREED_SPLIT_TESTABLE_AMBIGUOUS,price matches but dollar volume is 6.1x the prior median (crash-like),False
1844,CENT,2035,2024-02-05,DISPUTED_SPLIT_AMBIGUOUS,untestable ratio (|ln m|=0.223 < 0.3),False
1866,CETX,862,2019-06-07,AGREED_SPLIT_TESTABLE_AMBIGUOUS,price matches but dollar volume is 83.3x the prior median (crash-like),False
1866,CETX,1773,2023-01-19,AGREED_SPLIT_TESTABLE_AMBIGUOUS,price matches but dollar volume is 9.8x the prior median (crash-like),False
1866,CETX,2198,2024-09-27,AGREED_SPLIT_TESTABLE_AMBIGUOUS,a jump exists (max |ln R|=3.332) that does not match the claim,False
1866,CETX,2616,2026-06-01,AGREED_SPLIT_TESTABLE_AMBIGUOUS,price matches but dollar volume is 13.7x the prior median (crash-like),False
1867,CETY,2449,2025-09-30,AGREED_SPLIT_TESTABLE_AMBIGUOUS,a jump exists (max |ln R|=2.809) that does not match the claim,False
1897,CGA,873,2019-06-24,AGREED_SPLIT_TESTABLE_AMBIGUOUS,price matches but dollar volume is 41.9x the prior median (crash-like),False
1914,CGRN,953,2019-10-16,DISPUTED_SPLIT_AMBIGUOUS,price matches but dollar volume is 5.7x the prior median (crash-like),False
1934,CHEK,1733,2022-11-18,AGREED_SPLIT_TESTABLE_AMBIGUOUS,a jump exists (max |ln R|=2.812) that does not match the claim,False
1937,CHFS,751,2018-12-27,AGREED_SPLIT_TESTABLE_AMBIGUOUS,price matches but dollar volume is 12.2x the prior median (crash-like),False
1940,CHGA,2675,2026-08-25,AGREED_SPLIT_TESTABLE_AMBIGUOUS,price matches but dollar volume is 14.2x the prior median (crash-like),False
1944,CHK,1073,2020-04-08,AGREED_SPLIT_TESTABLE_AMBIGUOUS,a jump exists (max |ln R|=4.997) that does not match the claim,False
1955,CHNR,1820,2023-03-28,AGREED_SPLIT_TESTABLE_AMBIGUOUS,a jump exists (max |ln R|=1.358) that does not match the claim,False
1955,CHNR,2371,2025-06-09,AGREED_SPLIT_TESTABLE_AMBIGUOUS,a jump exists (max |ln R|=1.946) that does not match the claim,False
1959,CHPT,2400,2025-07-22,AGREED_SPLIT_TESTABLE_AMBIGUOUS,a jump exists (max |ln R|=2.745) that does not match the claim,True
1960,CHR,2574,2026-03-31,AGREED_SPLIT_TESTABLE_AMBIGUOUS,a jump exists (max |ln R|=1.185) that does not match the claim,False
1961,CHRA,1757,2022-12-23,AGREED_SPLIT_TESTABLE_AMBIGUOUS,price matches but dollar volume is 40.6x the prior median (crash-like),False
1968,CHSN,2596,2026-05-01,AGREED_SPLIT_TESTABLE_AMBIGUOUS,price matches but dollar volume is 13.0x the prior median (crash-like),False
1996,CING,1987,2023-11-24,AGREED_SPLIT_TESTABLE_AMBIGUOUS,price matches but dollar volume is 26.3x the prior median (crash-like),False
1996,CING,2160,2024-08-05,AGREED_SPLIT_TESTABLE_AMBIGUOUS,a jump exists (max |ln R|=2.303) that does not match the claim,False
2003,CISO,2054,2024-03-04,AGREED_SPLIT_TESTABLE_AMBIGUOUS,price matches but dollar volume is 5.3x the prior median (crash-like),False
2004,CISS,2078,2024-04-08,AGREED_SPLIT_TESTABLE_AMBIGUOUS,a jump exists (max |ln R|=4.265) that does not match the claim,False
2004,CISS,2323,2025-03-31,AGREED_SPLIT_TESTABLE_AMBIGUOUS,a jump exists (max |ln R|=1.703) that does not match the claim,False
2004,CISS,2525,2026-01-20,AGREED_SPLIT_TESTABLE_AMBIGUOUS,price matches but dollar volume is 7.0x the prior median (crash-like),False
2004,CISS,2667,2026-08-13,AGREED_SPLIT_TESTABLE_AMBIGUOUS,price matches but dollar volume is 10.1x the prior median (crash-like),False
2016,CJET,2136,2024-07-01,AGREED_SPLIT_TESTABLE_AMBIGUOUS,a jump exists (max |ln R|=3.234) that does not match the claim,False
2017,CJJD,1573,2022-04-01,AGREED_SPLIT_TESTABLE_AMBIGUOUS,a jump exists (max |ln R|=2.394) that does not match the claim,False
2022,CKPT,1740,2022-11-30,AGREED_SPLIT_TESTABLE_AMBIGUOUS,price matches but dollar volume is 6.2x the prior median (crash-like),False
2030,CLAR,1090,2020-05-04,DISPUTED_SPLIT_AMBIGUOUS,untestable ratio (|ln m|=0.002 < 0.3),False
2030,CLAR,1153,2020-08-03,DISPUTED_SPLIT_AMBIGUOUS,untestable ratio (|ln m|=0.002 < 0.3),False
2035,CLBK,2646,2026-07-15,DISPUTED_SPLIT_AMBIGUOUS,price matches but dollar volume is 69.7x the prior median (crash-like),False
2039,CLBS,1683,2022-09-09,AGREED_SPLIT_TESTABLE_AMBIGUOUS,a jump exists (max |ln R|=0.239) that does not match the claim,False
2048,CLDI,2141,2024-07-09,AGREED_SPLIT_TESTABLE_AMBIGUOUS,price matches but dollar volume is 5.3x the prior median (crash-like),False
2048,CLDI,2654,2026-07-27,AGREED_SPLIT_TESTABLE_AMBIGUOUS,a jump exists (max |ln R|=3.029) that does not match the claim,False
2051,CLDX,777,2019-02-05,AGREED_SPLIT_TESTABLE_AMBIGUOUS,a jump exists (max |ln R|=2.556) that does not match the claim,False
2052,CLEU,2020,2024-01-12,AGREED_SPLIT_TESTABLE_AMBIGUOUS,a jump exists (max |ln R|=2.493) that does not match the claim,False
2052,CLEU,2255,2024-12-18,AGREED_SPLIT_TESTABLE_AMBIGUOUS,a jump exists (max |ln R|=2.586) that does not match the claim,False
2052,CLEU,2299,2025-02-25,AGREED_SPLIT_TESTABLE_AMBIGUOUS,a jump exists (max |ln R|=4.200) that does not match the claim,False
2055,CLGN,2679,2026-08-31,AGREED_SPLIT_TESTABLE_AMBIGUOUS,price matches but dollar volume is 33.5x the prior median (crash-like),False
2059,CLIK,2453,2025-10-06,AGREED_SPLIT_TESTABLE_AMBIGUOUS,a jump exists (max |ln R|=3.225) that does not match the claim,False
2067,CLNN,2139,2024-07-05,AGREED_SPLIT_TESTABLE_AMBIGUOUS,price matches but dollar volume is 10.7x the prior median (crash-like),False
2078,CLRB,1645,2022-07-18,AGREED_SPLIT_TESTABLE_AMBIGUOUS,price matches but dollar volume is 23.9x the prior median (crash-like),False
2081,CLRO,2368,2025-06-04,AGREED_SPLIT_TESTABLE_AMBIGUOUS,price matches but dollar volume is 5.1x the prior median (crash-like),False
2083,CLSD,2434,2025-09-09,AGREED_SPLIT_TESTABLE_AMBIGUOUS,a jump exists (max |ln R|=2.537) that does not match the claim,False
2086,CLVR,1920,2023-08-21,AGREED_SPLIT_TESTABLE_AMBIGUOUS,a jump exists (max |ln R|=3.247) that does not match the claim,False
2090,CLWT,944,2019-10-03,AGREED_SPLIT_TESTABLE_AMBIGUOUS,a jump exists (max |ln R|=0.305) that does not match the claim,False
2090,CLWT,1295,2021-02-25,AGREED_SPLIT_TESTABLE_AMBIGUOUS,a jump exists (max |ln R|=0.414) that does not match the claim,False
2092,CLXT,1835,2023-04-19,AGREED_SPLIT_TESTABLE_AMBIGUOUS,a jump exists (max |ln R|=2.068) that does not match the claim,False
2096,CMAX,2029,2024-01-26,AGREED_SPLIT_TESTABLE_AMBIGUOUS,a jump exists (max |ln R|=3.134) that does not match the claim,False
2105,CMCT,918,2019-08-27,DISPUTED_SPLIT_AMBIGUOUS,a jump exists (max |ln R|=0.096) that does not match the claim,False
2105,CMCT,2192,2024-09-19,DISPUTED_SPLIT_AMBIGUOUS,untestable ratio (|ln m|=0.020 < 0.3),False
2105,CMCT,2262,2024-12-30,AGREED_SPLIT_TESTABLE_AMBIGUOUS,price matches but dollar volume is 6.0x the prior median (crash-like),False
2120,CMND,1985,2023-11-21,AGREED_SPLIT_TESTABLE_AMBIGUOUS,price matches but dollar volume is 125.7x the prior median (crash-like),False
2140,CNAC,917,2019-08-26,DISPUTED_SPLIT_AMBIGUOUS,a jump exists (max |ln R|=0.227) that does not match the claim,False
2151,CNET,1770,2023-01-13,AGREED_SPLIT_TESTABLE_AMBIGUOUS,price matches but dollar volume is 12.2x the prior median (crash-like),False
2151,CNET,2195,2024-09-24,AGREED_SPLIT_TESTABLE_AMBIGUOUS,price matches but dollar volume is 784.8x the prior median (crash-like),False
2175,CNSP,1735,2022-11-22,AGREED_SPLIT_TESTABLE_AMBIGUOUS,price matches but dollar volume is 21.0x the prior median (crash-like),False
2175,CNSP,2115,2024-05-30,AGREED_SPLIT_TESTABLE_AMBIGUOUS,price matches but dollar volume is 30.3x the prior median (crash-like),False
2175,CNSP,2293,2025-02-14,AGREED_SPLIT_TESTABLE_AMBIGUOUS,a jump exists (max |ln R|=3.784) that does not match the claim,False
2175,CNSP,2396,2025-07-16,AGREED_SPLIT_TESTABLE_AMBIGUOUS,price matches but dollar volume is 7.0x the prior median (crash-like),False
2186,CNVS,1867,2023-06-05,AGREED_SPLIT_TESTABLE_AMBIGUOUS,price matches but dollar volume is 9.9x the prior median (crash-like),False
2189,CNXA,1940,2023-09-19,AGREED_SPLIT_TESTABLE_AMBIGUOUS,a jump exists (max |ln R|=3.410) that does not match the claim,False
2201,COCP,1701,2022-10-05,AGREED_SPLIT_TESTABLE_AMBIGUOUS,a jump exists (max |ln R|=2.390) that does not match the claim,False
2205,COEP,2259,2024-12-24,AGREED_SPLIT_TESTABLE_AMBIGUOUS,price matches but dollar volume is 164.9x the prior median (crash-like),False
2244,COSM,1748,2022-12-12,AGREED_SPLIT_TESTABLE_AMBIGUOUS,a jump exists (max |ln R|=2.457) that does not match the claim,False
2274,CPHI,2330,2025-04-09,AGREED_SPLIT_TESTABLE_AMBIGUOUS,price matches but dollar volume is 8.2x the prior median (crash-like),False
2280,CPLP,809,2019-03-22,DISPUTED_SPLIT_AMBIGUOUS,a jump exists (max |ln R|=1.554) that does not match the claim,False
2283,CPOP,1964,2023-10-23,AGREED_SPLIT_TESTABLE_AMBIGUOUS,price matches but dollar volume is 13.3x the prior median (crash-like),False
2293,CPTA,1164,2020-08-18,DISPUTED_SPLIT_AMBIGUOUS,a jump exists (max |ln R|=1.658) that does not match the claim,False
2307,CRBP,1787,2023-02-08,AGREED_SPLIT_TESTABLE_AMBIGUOUS,a jump exists (max |ln R|=3.264) that does not match the claim,False
2316,CRDF,783,2019-02-13,DISPUTED_SPLIT_AMBIGUOUS,a jump exists (max |ln R|=1.689) that does not match the claim,False
2323,CREG,1073,2020-04-08,AGREED_SPLIT_TESTABLE_AMBIGUOUS,price matches but dollar volume is 29.1x the prior median (crash-like),False
2323,CREG,2623,2026-06-10,AGREED_SPLIT_TESTABLE_AMBIGUOUS,price matches but dollar volume is 9.7x the prior median (crash-like),False
2334,CRIS,1944,2023-09-25,AGREED_SPLIT_TESTABLE_AMBIGUOUS,a jump exists (max |ln R|=2.759) that does not match the claim,False
2336,CRKN,1912,2023-08-09,AGREED_SPLIT_TESTABLE_AMBIGUOUS,a jump exists (max |ln R|=3.930) that does not match the claim,False
2336,CRKN,2128,2024-06-18,AGREED_SPLIT_TESTABLE_AMBIGUOUS,a jump exists (max |ln R|=4.793) that does not match the claim,False
2336,CRKN,2278,2025-01-24,AGREED_SPLIT_TESTABLE_AMBIGUOUS,a jump exists (max |ln R|=4.815) that does not match the claim,False
2360,CRVO,1580,2022-04-12,DISPUTED_SPLIT_AMBIGUOUS,price matches but dollar volume is 44.9x the prior median (crash-like),False
2376,CSCW,1690,2022-09-20,DISPUTED_SPLIT_AMBIGUOUS,a jump exists (max |ln R|=3.511) that does not match the claim,False
2421,CTHR,2103,2024-05-13,AGREED_SPLIT_TESTABLE_AMBIGUOUS,price matches but dollar volume is 7.4x the prior median (crash-like),False
2428,CTM,1703,2022-10-07,DISPUTED_SPLIT_AMBIGUOUS,a jump exists (max |ln R|=0.288) that does not match the claim,False
2431,CTNT,2213,2024-10-18,AGREED_SPLIT_TESTABLE_AMBIGUOUS,price matches but dollar volume is 5.8x the prior median (crash-like),False
2431,CTNT,2590,2026-04-23,AGREED_SPLIT_TESTABLE_AMBIGUOUS,a jump exists (max |ln R|=5.174) that does not match the claim,False
2431,CTNT,2694,2026-09-22,AGREED_SPLIT_TESTABLE_AMBIGUOUS,a jump exists (max |ln R|=4.886) that does not match the claim,False
2441,CTRM,2067,2024-03-21,AGREED_SPLIT_TESTABLE_AMBIGUOUS,a jump exists (max |ln R|=2.240) that does not match the claim,False
2444,CTRV,854,2019-05-28,AGREED_SPLIT_TESTABLE_AMBIGUOUS,price matches but dollar volume is 6.3x the prior median (crash-like),False
2456,CTXR,2236,2024-11-20,AGREED_SPLIT_TESTABLE_AMBIGUOUS,price matches but dollar volume is 8.5x the prior median (crash-like),False
2460,CUBA,1477,2021-11-12,DISPUTED_SPLIT_AMBIGUOUS,untestable ratio (|ln m|=0.049 < 0.3),False
2460,CUBA,1853,2023-05-15,DISPUTED_SPLIT_AMBIGUOUS,untestable ratio (|ln m|=0.044 < 0.3),False
2460,CUBA,2006,2023-12-21,DISPUTED_SPLIT_AMBIGUOUS,untestable ratio (|ln m|=0.050 < 0.3),False
2460,CUBA,2066,2024-03-20,DISPUTED_SPLIT_AMBIGUOUS,untestable ratio (|ln m|=0.055 < 0.3),False
2460,CUBA,2113,2024-05-28,DISPUTED_SPLIT_AMBIGUOUS,untestable ratio (|ln m|=0.056 < 0.3),False
2465,CUE,2587,2026-04-20,AGREED_SPLIT_TESTABLE_AMBIGUOUS,a jump exists (max |ln R|=2.994) that does not match the claim,False
2466,CUEN,1814,2023-03-20,AGREED_SPLIT_TESTABLE_AMBIGUOUS,price matches but dollar volume is 11.9x the prior median (crash-like),False
2472,CUPR,2609,2026-05-20,AGREED_SPLIT_TESTABLE_AMBIGUOUS,price matches but dollar volume is 5.6x the prior median (crash-like),False
2473,CUR,886,2019-07-12,DISPUTED_SPLIT_AMBIGUOUS,price matches but dollar volume is 115.9x the prior median (crash-like),False
2479,CURX,2668,2026-08-14,AGREED_SPLIT_TESTABLE_AMBIGUOUS,price matches but dollar volume is 24.1x the prior median (crash-like),False
2499,CVKD,2167,2024-08-14,AGREED_SPLIT_TESTABLE_AMBIGUOUS,price matches but dollar volume is 45.0x the prior median (crash-like),False
2503,CVLY,952,2019-10-15,DISPUTED_SPLIT_AMBIGUOUS,untestable ratio (|ln m|=0.049 < 0.3),False
2524,CWBR,1689,2022-09-19,AGREED_SPLIT_TESTABLE_AMBIGUOUS,a jump exists (max |ln R|=3.065) that does not match the claim,False
2535,CXAI,2666,2026-08-12,AGREED_SPLIT_TESTABLE_AMBIGUOUS,price matches but dollar volume is 17.2x the prior median (crash-like),False
2549,CYBN,2188,2024-09-13,AGREED_SPLIT_TESTABLE_AMBIGUOUS,a jump exists (max |ln R|=3.564) that does not match the claim,False
2551,CYCC,1073,2020-04-08,AGREED_SPLIT_TESTABLE_AMBIGUOUS,a jump exists (max |ln R|=2.742) that does not match the claim,False
2551,CYCC,1999,2023-12-12,AGREED_SPLIT_TESTABLE_AMBIGUOUS,price matches but dollar volume is 24.8x the prior median (crash-like),False
2551,CYCC,2385,2025-06-30,AGREED_SPLIT_TESTABLE_AMBIGUOUS,price matches but dollar volume is 20.6x the prior median (crash-like),False
2552,CYCN,1850,2023-05-10,AGREED_SPLIT_TESTABLE_AMBIGUOUS,price matches but dollar volume is 206.8x the prior median (crash-like),False
2552,CYCN,2681,2026-09-02,AGREED_SPLIT_TESTABLE_AMBIGUOUS,a jump exists (max |ln R|=0.133) that does not match the claim,False
2554,CYCU,2498,2025-12-09,DISPUTED_SPLIT_AMBIGUOUS,untestable ratio (|ln m|=0.008 < 0.3),False
2557,CYN,1959,2023-10-16,DISPUTED_SPLIT_AMBIGUOUS,untestable ratio (|ln m|=0.095 < 0.3),False
2557,CYN,2290,2025-02-11,AGREED_SPLIT_TESTABLE_AMBIGUOUS,a jump exists (max |ln R|=4.795) that does not match the claim,False
2560,CYRN,1533,2022-02-03,AGREED_SPLIT_TESTABLE_AMBIGUOUS,a jump exists (max |ln R|=2.862) that does not match the claim,False
2566,CYTO,832,2019-04-25,DISPUTED_SPLIT_AMBIGUOUS,price matches but dollar volume is 12.2x the prior median (crash-like),False
2566,CYTO,1711,2022-10-19,AGREED_SPLIT_TESTABLE_AMBIGUOUS,price matches but dollar volume is 307.8x the prior median (crash-like),False
2571,CZFS,1616,2022-06-03,DISPUTED_SPLIT_AMBIGUOUS,untestable ratio (|ln m|=0.010 < 0.3),False
2571,CZFS,1866,2023-06-02,DISPUTED_SPLIT_AMBIGUOUS,untestable ratio (|ln m|=0.010 < 0.3),False
2571,CZFS,2122,2024-06-10,DISPUTED_SPLIT_AMBIGUOUS,untestable ratio (|ln m|=0.010 < 0.3),False
2571,CZFS,2371,2025-06-09,DISPUTED_SPLIT_AMBIGUOUS,untestable ratio (|ln m|=0.010 < 0.3),False
2573,CZOO,1991,2023-11-30,AGREED_SPLIT_TESTABLE_AMBIGUOUS,price matches but dollar volume is 8.0x the prior median (crash-like),False
2580,DAIC,2612,2026-05-26,AGREED_SPLIT_TESTABLE_AMBIGUOUS,price matches but dollar volume is 13.7x the prior median (crash-like),False
2591,DARE,2132,2024-06-25,AGREED_SPLIT_TESTABLE_AMBIGUOUS,a jump exists (max |ln R|=2.323) that does not match the claim,False
2594,DATS,1937,2023-09-14,AGREED_SPLIT_TESTABLE_AMBIGUOUS,price matches but dollar volume is 7.2x the prior median (crash-like),True
2603,DBGI,1719,2022-10-31,AGREED_SPLIT_TESTABLE_AMBIGUOUS,price matches but dollar volume is 9.5x the prior median (crash-like),False
2603,DBGI,1917,2023-08-16,AGREED_SPLIT_TESTABLE_AMBIGUOUS,price matches but dollar volume is 42.7x the prior median (crash-like),False
2604,DBGI,2649,2026-07-20,AGREED_SPLIT_TESTABLE_AMBIGUOUS,a jump exists (max |ln R|=3.552) that does not match the claim,False
2610,DCAR,796,2019-03-05,AGREED_SPLIT_TESTABLE_AMBIGUOUS,a jump exists (max |ln R|=1.941) that does not match the claim,False
2612,DCFC,2070,2024-03-26,AGREED_SPLIT_TESTABLE_AMBIGUOUS,a jump exists (max |ln R|=5.170) that does not match the claim,False
2620,DCOY,2554,2026-03-03,AGREED_SPLIT_TESTABLE_AMBIGUOUS,price matches but dollar volume is 5.4x the prior median (crash-like),False
2630,DCX,2523,2026-01-15,AGREED_SPLIT_TESTABLE_AMBIGUOUS,price matches but dollar volume is 5.0x the prior median (crash-like),False
2630,DCX,2694,2026-09-22,AGREED_SPLIT_TESTABLE_AMBIGUOUS,a jump exists (max |ln R|=4.834) that does not match the claim,False
2665,DFDV,2355,2025-05-15,AGREED_SPLIT_TESTABLE_AMBIGUOUS,a jump exists (max |ln R|=1.669) that does not match the claim,False
2665,DFDV,2462,2025-10-17,DISPUTED_SPLIT_AMBIGUOUS,untestable ratio (|ln m|=0.095 < 0.3),False
2666,DFFN,1580,2022-04-12,AGREED_SPLIT_TESTABLE_AMBIGUOUS,price matches but dollar volume is 44.9x the prior median (crash-like),False
2666,DFFN,1914,2023-08-11,AGREED_SPLIT_TESTABLE_AMBIGUOUS,a jump exists (max |ln R|=0.071) that does not match the claim,False
2670,DFLI,2234,2024-11-18,AGREED_SPLIT_TESTABLE_AMBIGUOUS,price matches but dollar volume is 9.3x the prior median (crash-like),False
2686,DGLY,1783,2023-02-02,AGREED_SPLIT_TESTABLE_AMBIGUOUS,price matches but dollar volume is 7.6x the prior median (crash-like),False
2686,DGLY,2345,2025-05-01,AGREED_SPLIT_TESTABLE_AMBIGUOUS,a jump exists (max |ln R|=1.719) that does not match the claim,False
2738,DLPN,2207,2024-10-10,AGREED_SPLIT_TESTABLE_AMBIGUOUS,price matches but dollar volume is 5.2x the prior median (crash-like),False
2743,DLXY,2694,2026-09-22,AGREED_SPLIT_TESTABLE_AMBIGUOUS,a jump exists (max |ln R|=1.808) that does not match the claim,False
2752,DMK,1854,2023-05-16,DISPUTED_SPLIT_AMBIGUOUS,price matches but dollar volume is 9.4x the prior median (crash-like),False
2755,DMPI,837,2019-05-02,AGREED_SPLIT_TESTABLE_AMBIGUOUS,price matches but dollar volume is 16.9x the prior median (crash-like),False
2758,DMS,1922,2023-08-23,AGREED_SPLIT_TESTABLE_AMBIGUOUS,price matches but dollar volume is 57.3x the prior median (crash-like),False
2759,DMTK,917,2019-08-26,DISPUTED_SPLIT_AMBIGUOUS,a jump exists (max |ln R|=0.526) that does not match the claim,True
2781,DNMR,2227,2024-11-07,AGREED_SPLIT_TESTABLE_AMBIGUOUS,a jump exists (max |ln R|=3.332) that does not match the claim,True
2795,DOGZ,1971,2023-11-01,AGREED_SPLIT_TESTABLE_AMBIGUOUS,a jump exists (max |ln R|=2.859) that does not match the claim,False
2799,DOMH,839,2019-05-06,DISPUTED_SPLIT_AMBIGUOUS,a jump exists (max |ln R|=1.324) that does not match the claim,False
2799,DOMH,1614,2022-06-01,DISPUTED_SPLIT_AMBIGUOUS,price matches but dollar volume is 13.6x the prior median (crash-like),False
2805,DOUG,1874,2023-06-14,DISPUTED_SPLIT_AMBIGUOUS,untestable ratio (|ln m|=0.049 < 0.3),False
2820,DPW,800,2019-03-11,DISPUTED_SPLIT_AMBIGUOUS,a jump exists (max |ln R|=2.739) that does not match the claim,False
2823,DRCT,2516,2026-01-06,AGREED_SPLIT_TESTABLE_AMBIGUOUS,a jump exists (max |ln R|=3.834) that does not match the claim,False
2823,DRCT,2588,2026-04-21,AGREED_SPLIT_TESTABLE_AMBIGUOUS,a jump exists (max |ln R|=1.303) that does not match the claim,False
2829,DRIO,972,2019-11-12,AGREED_SPLIT_TESTABLE_AMBIGUOUS,a jump exists (max |ln R|=3.211) that does not match the claim,False
2829,DRIO,2423,2025-08-22,AGREED_SPLIT_TESTABLE_AMBIGUOUS,price matches but dollar volume is 7.0x the prior median (crash-like),False
2831,DRMA,1806,2023-03-08,AGREED_SPLIT_TESTABLE_AMBIGUOUS,a jump exists (max |ln R|=2.657) that does not match the claim,False
2831,DRMA,2102,2024-05-10,AGREED_SPLIT_TESTABLE_AMBIGUOUS,price matches but dollar volume is 58.2x the prior median (crash-like),False
2831,DRMA,2404,2025-07-28,AGREED_SPLIT_TESTABLE_AMBIGUOUS,price matches but dollar volume is 5.5x the prior median (crash-like),False
2834,DRRX,1740,2022-11-30,AGREED_SPLIT_TESTABLE_AMBIGUOUS,price matches but dollar volume is 5.9x the prior median (crash-like),False
2835,DRS,1732,2022-11-17,DISPUTED_SPLIT_AMBIGUOUS,a jump exists (max |ln R|=0.157) that does not match the claim,False
2838,DRUG,1890,2023-07-10,AGREED_SPLIT_TESTABLE_AMBIGUOUS,price matches but dollar volume is 407.1x the prior median (crash-like),False
2847,DSE,1218,2020-11-03,AGREED_SPLIT_TESTABLE_AMBIGUOUS,price matches but dollar volume is 7.4x the prior median (crash-like),False
2856,DSS,2011,2023-12-29,AGREED_SPLIT_TESTABLE_AMBIGUOUS,price matches but dollar volume is 6.2x the prior median (crash-like),False
2861,DSX,1983,2023-11-17,DISPUTED_SPLIT_AMBIGUOUS,untestable ratio (|ln m|=0.044 < 0.3),False
2861,DSX,1990,2023-11-29,DISPUTED_SPLIT_AMBIGUOUS,untestable ratio (|ln m|=0.182 < 0.3),False
2862,DSY,2544,2026-02-17,AGREED_SPLIT_TESTABLE_AMBIGUOUS,price matches but dollar volume is 5.4x the prior median (crash-like),False
2865,DTCK,2554,2026-03-03,AGREED_SPLIT_TESTABLE_AMBIGUOUS,price matches but dollar volume is 509.1x the prior median (crash-like),False
2870,DTIL,2038,2024-02-08,AGREED_SPLIT_TESTABLE_AMBIGUOUS,price matches but dollar volume is 5.3x the prior median (crash-like),False
2878,DTSS,2022,2024-01-17,AGREED_SPLIT_TESTABLE_AMBIGUOUS,price matches but dollar volume is 27.1x the prior median (crash-like),False
2884,DUO,1905,2023-07-31,AGREED_SPLIT_TESTABLE_AMBIGUOUS,price matches but dollar volume is 9.5x the prior median (crash-like),False
2892,DVLT,2079,2024-04-09,DISPUTED_SPLIT_AMBIGUOUS,a jump exists (max |ln R|=4.854) that does not match the claim,False
2892,DVLT,2513,2025-12-31,DISPUTED_SPLIT_AMBIGUOUS,untestable ratio (|ln m|=0.017 < 0.3),False
2906,DWTX,2202,2024-10-03,DISPUTED_SPLIT_AMBIGUOUS,price matches but dollar volume is 6.6x the prior median (crash-like),False
2907,DX,868,2019-06-17,AGREED_SPLIT_TESTABLE_AMBIGUOUS,price matches but dollar volume is 5.3x the prior median (crash-like),True
2915,DXST,2559,2026-03-10,AGREED_SPLIT_TESTABLE_AMBIGUOUS,price matches but dollar volume is 6.0x the prior median (crash-like),False
2924,DYNT,1779,2023-01-27,AGREED_SPLIT_TESTABLE_AMBIGUOUS,price matches but dollar volume is 39.4x the prior median (crash-like),False
2935,EARS,832,2019-04-25,AGREED_SPLIT_TESTABLE_AMBIGUOUS,price matches but dollar volume is 12.2x the prior median (crash-like),False
2936,EAST,1849,2023-05-09,AGREED_SPLIT_TESTABLE_AMBIGUOUS,price matches but dollar volume is 34.2x the prior median (crash-like),False
2947,EBON,1731,2022-11-16,AGREED_SPLIT_TESTABLE_AMBIGUOUS,a jump exists (max |ln R|=3.196) that does not match the claim,True
2954,ECDA,2506,2025-12-19,AGREED_SPLIT_TESTABLE_AMBIGUOUS,a jump exists (max |ln R|=1.991) that does not match the claim,False
2961,ECOR,1748,2022-12-12,DISPUTED_SPLIT_AMBIGUOUS,untestable ratio (|ln m|=0.001 < 0.3),False
2961,ECOR,1788,2023-02-09,AGREED_SPLIT_TESTABLE_AMBIGUOUS,price matches but dollar volume is 12.1x the prior median (crash-like),False
2969,EDBL,1774,2023-01-20,AGREED_SPLIT_TESTABLE_AMBIGUOUS,price matches but dollar volume is 127.4x the prior median (crash-like),False
2969,EDBL,2073,2024-04-01,AGREED_SPLIT_TESTABLE_AMBIGUOUS,price matches but dollar volume is 80.7x the prior median (crash-like),False
2969,EDBL,2531,2026-01-28,AGREED_SPLIT_TESTABLE_AMBIGUOUS,price matches but dollar volume is 23.1x the prior median (crash-like),False
2972,EDHL,2535,2026-02-03,AGREED_SPLIT_TESTABLE_AMBIGUOUS,price matches but dollar volume is 7.0x the prior median (crash-like),False
2979,EDSA,1952,2023-10-05,AGREED_SPLIT_TESTABLE_AMBIGUOUS,a jump exists (max |ln R|=1.814) that does not match the claim,False
2988,EEIQ,2540,2026-02-10,AGREED_SPLIT_TESTABLE_AMBIGUOUS,price matches but dollar volume is 46.5x the prior median (crash-like),False
2995,EFOI,1873,2023-06-13,AGREED_SPLIT_TESTABLE_AMBIGUOUS,price matches but dollar volume is 7.6x the prior median (crash-like),False
2998,EFSH,1653,2022-07-28,AGREED_SPLIT_TESTABLE_AMBIGUOUS,a jump exists (max |ln R|=0.148) that does not match the claim,False
2998,EFSH,1758,2022-12-27,DISPUTED_SPLIT_AMBIGUOUS,untestable ratio (|ln m|=0.095 < 0.3),False
2998,EFSH,2012,2024-01-02,AGREED_SPLIT_TESTABLE_AMBIGUOUS,price matches but dollar volume is 35.0x the prior median (crash-like),False
2998,EFSH,2136,2024-07-01,AGREED_SPLIT_TESTABLE_AMBIGUOUS,a jump exists (max |ln R|=2.308) that does not match the claim,False
2998,EFSH,2225,2024-11-05,AGREED_SPLIT_TESTABLE_AMBIGUOUS,a jump exists (max |ln R|=2.117) that does not match the claim,False
3014,EGIO,2049,2024-02-26,AGREED_SPLIT_TESTABLE_AMBIGUOUS,price matches but dollar volume is 25.2x the prior median (crash-like),False
3028,EHGO,2583,2026-04-14,AGREED_SPLIT_TESTABLE_AMBIGUOUS,a jump exists (max |ln R|=2.981) that does not match the claim,False
3039,EJH,2038,2024-02-08,AGREED_SPLIT_TESTABLE_AMBIGUOUS,a jump exists (max |ln R|=1.541) that does not match the claim,False
3039,EJH,2191,2024-09-18,AGREED_SPLIT_TESTABLE_AMBIGUOUS,a jump exists (max |ln R|=2.219) that does not match the claim,False
3039,EJH,2361,2025-05-23,AGREED_SPLIT_TESTABLE_AMBIGUOUS,a jump exists (max |ln R|=3.759) that does not match the claim,False
3039,EJH,2569,2026-03-24,AGREED_SPLIT_TESTABLE_AMBIGUOUS,a jump exists (max |ln R|=3.043) that does not match the claim,False
3043,ELAB,2425,2025-08-26,AGREED_SPLIT_TESTABLE_AMBIGUOUS,a jump exists (max |ln R|=1.099) that does not match the claim,False
3043,ELAB,2512,2025-12-30,AGREED_SPLIT_TESTABLE_AMBIGUOUS,a jump exists (max |ln R|=1.775) that does not match the claim,False
3043,ELAB,2555,2026-03-04,AGREED_SPLIT_TESTABLE_AMBIGUOUS,a jump exists (max |ln R|=1.912) that does not match the claim,False
3043,ELAB,2669,2026-08-17,AGREED_SPLIT_TESTABLE_AMBIGUOUS,price matches but dollar volume is 6.4x the prior median (crash-like),False
3045,ELBM,2260,2024-12-26,AGREED_SPLIT_TESTABLE_AMBIGUOUS,price matches but dollar volume is 5.1x the prior median (crash-like),False
3051,ELGX,793,2019-02-28,AGREED_SPLIT_TESTABLE_AMBIGUOUS,price matches but dollar volume is 5.1x the prior median (crash-like),False
3063,ELPW,2506,2025-12-19,AGREED_SPLIT_TESTABLE_AMBIGUOUS,a jump exists (max |ln R|=2.630) that does not match the claim,False
3063,ELPW,2557,2026-03-06,AGREED_SPLIT_TESTABLE_AMBIGUOUS,price matches but dollar volume is 6.0x the prior median (crash-like),False
3080,EMBK,1663,2022-08-11,AGREED_SPLIT_TESTABLE_AMBIGUOUS,a jump exists (max |ln R|=2.849) that does not match the claim,False
3110,ENG,1988,2023-11-27,AGREED_SPLIT_TESTABLE_AMBIGUOUS,price matches but dollar volume is 9.3x the prior median (crash-like),False
3120,ENLV,793,2019-02-28,DISPUTED_SPLIT_AMBIGUOUS,price matches but dollar volume is 17.7x the prior median (crash-like),False
3130,ENSC,1714,2022-10-24,AGREED_SPLIT_TESTABLE_AMBIGUOUS,a jump exists (max |ln R|=2.753) that does not match the claim,False
3130,ENSC,1819,2023-03-27,AGREED_SPLIT_TESTABLE_AMBIGUOUS,a jump exists (max |ln R|=2.379) that does not match the claim,False
3132,ENSV,1228,2020-11-17,AGREED_SPLIT_TESTABLE_AMBIGUOUS,price matches but dollar volume is 8.4x the prior median (crash-like),False
3133,ENT,1074,2020-04-09,AGREED_SPLIT_TESTABLE_AMBIGUOUS,price matches but dollar volume is 8.3x the prior median (crash-like),False
3137,ENTO,2415,2025-08-12,DISPUTED_SPLIT_AMBIGUOUS,price matches but dollar volume is 14.3x the prior median (crash-like),False
3141,ENVB,977,2019-11-19,DISPUTED_SPLIT_AMBIGUOUS,price matches but dollar volume is 5.6x the prior median (crash-like),False
3141,ENVB,1640,2022-07-11,AGREED_SPLIT_TESTABLE_AMBIGUOUS,price matches but dollar volume is 8.0x the prior median (crash-like),False
3143,ENVX,2393,2025-07-11,DISPUTED_SPLIT_AMBIGUOUS,untestable ratio (|ln m|=0.134 < 0.3),True
3201,ERNA,2370,2025-06-06,AGREED_SPLIT_TESTABLE_AMBIGUOUS,price matches but dollar volume is 5.5x the prior median (crash-like),True
3214,ESEA,994,2019-12-13,AGREED_SPLIT_TESTABLE_AMBIGUOUS,price matches but dollar volume is 12.8x the prior median (crash-like),False
3251,ETAO,2066,2024-03-20,AGREED_SPLIT_TESTABLE_AMBIGUOUS,a jump exists (max |ln R|=2.806) that does not match the claim,False
3273,EUDA,2564,2026-03-17,AGREED_SPLIT_TESTABLE_AMBIGUOUS,a jump exists (max |ln R|=2.872) that does not match the claim,False
3291,EVFM,1593,2022-05-02,AGREED_SPLIT_TESTABLE_AMBIGUOUS,a jump exists (max |ln R|=2.602) that does not match the claim,False
3292,EVGN,2149,2024-07-19,AGREED_SPLIT_TESTABLE_AMBIGUOUS,a jump exists (max |ln R|=2.188) that does not match the claim,False
3303,EVOK,1604,2022-05-17,AGREED_SPLIT_TESTABLE_AMBIGUOUS,a jump exists (max |ln R|=2.237) that does not match the claim,False
3303,EVOK,2154,2024-07-26,AGREED_SPLIT_TESTABLE_AMBIGUOUS,price matches but dollar volume is 19.5x the prior median (crash-like),False
3340,EXPI,1284,2021-02-09,AGREED_SPLIT_TESTABLE_AMBIGUOUS,a jump exists (max |ln R|=0.551) that does not match the claim,True
3342,EXPR,1924,2023-08-25,AGREED_SPLIT_TESTABLE_AMBIGUOUS,a jump exists (max |ln R|=2.891) that does not match the claim,False
3352,EZFL,1837,2023-04-21,AGREED_SPLIT_TESTABLE_AMBIGUOUS,price matches but dollar volume is 13.4x the prior median (crash-like),False
3352,EZFL,2149,2024-07-19,AGREED_SPLIT_TESTABLE_AMBIGUOUS,a jump exists (max |ln R|=0.537) that does not match the claim,False
3353,EZGO,2078,2024-04-08,AGREED_SPLIT_TESTABLE_AMBIGUOUS,price matches but dollar volume is 312.9x the prior median (crash-like),False
3353,EZGO,2604,2026-05-13,AGREED_SPLIT_TESTABLE_AMBIGUOUS,price matches but dollar volume is 7.5x the prior median (crash-like),False
3377,FATH,1944,2023-09-25,AGREED_SPLIT_TESTABLE_AMBIGUOUS,price matches but dollar volume is 8.0x the prior median (crash-like),False
3384,FBGL,2694,2026-09-22,AGREED_SPLIT_TESTABLE_AMBIGUOUS,price matches but dollar volume is 16.7x the prior median (crash-like),False
3386,FBIO,1951,2023-10-04,AGREED_SPLIT_TESTABLE_AMBIGUOUS,price matches but dollar volume is 6.2x the prior median (crash-like),False
3398,FBRX,2173,2024-08-22,AGREED_SPLIT_TESTABLE_AMBIGUOUS,price matches but dollar volume is 5.3x the prior median (crash-like),False
3414,FCEL,838,2019-05-03,AGREED_SPLIT_TESTABLE_AMBIGUOUS,a jump exists (max |ln R|=2.332) that does not match the claim,True
3414,FCEL,2225,2024-11-05,AGREED_SPLIT_TESTABLE_AMBIGUOUS,a jump exists (max |ln R|=3.295) that does not match the claim,True
3419,FCHL,2564,2026-03-17,AGREED_SPLIT_TESTABLE_AMBIGUOUS,price matches but dollar volume is 13.0x the prior median (crash-like),False
3430,FCUV,2279,2025-01-27,AGREED_SPLIT_TESTABLE_AMBIGUOUS,price matches but dollar volume is 19.4x the prior median (crash-like),False
3430,FCUV,2535,2026-02-03,AGREED_SPLIT_TESTABLE_AMBIGUOUS,price matches but dollar volume is 45.6x the prior median (crash-like),False
3430,FCUV,2627,2026-06-16,AGREED_SPLIT_TESTABLE_AMBIGUOUS,price matches but dollar volume is 2388.5x the prior median (crash-like),False
3446,FEAM,2290,2025-02-11,AGREED_SPLIT_TESTABLE_AMBIGUOUS,price matches but dollar volume is 5.8x the prior median (crash-like),False
3448,FEED,2676,2026-08-26,AGREED_SPLIT_TESTABLE_AMBIGUOUS,price matches but dollar volume is 7.1x the prior median (crash-like),False
3455,FER,2604,2026-05-13,DISPUTED_SPLIT_AMBIGUOUS,untestable ratio (|ln m|=0.010 < 0.3),True
3459,FET,1219,2020-11-04,AGREED_SPLIT_TESTABLE_AMBIGUOUS,a jump exists (max |ln R|=2.874) that does not match the claim,False
3476,FGBI,985,2019-12-02,DISPUTED_SPLIT_AMBIGUOUS,untestable ratio (|ln m|=0.095 < 0.3),False
3476,FGBI,1494,2021-12-08,DISPUTED_SPLIT_AMBIGUOUS,untestable ratio (|ln m|=0.095 < 0.3),False
3480,FGI,2403,2025-07-25,AGREED_SPLIT_TESTABLE_AMBIGUOUS,price matches but dollar volume is 7.8x the prior median (crash-like),False
3483,FGL,2536,2026-02-04,AGREED_SPLIT_TESTABLE_AMBIGUOUS,price matches but dollar volume is 55.1x the prior median (crash-like),False
3483,FGL,2676,2026-08-26,AGREED_SPLIT_TESTABLE_AMBIGUOUS,a jump exists (max |ln R|=4.492) that does not match the claim,False
3536,FLGC,2405,2025-07-29,AGREED_SPLIT_TESTABLE_AMBIGUOUS,price matches but dollar volume is 10.9x the prior median (crash-like),False
3562,FLYE,2385,2025-06-30,AGREED_SPLIT_TESTABLE_AMBIGUOUS,price matches but dollar volume is 10.7x the prior median (crash-like),False
3562,FLYE,2470,2025-10-29,AGREED_SPLIT_TESTABLE_AMBIGUOUS,a jump exists (max |ln R|=2.833) that does not match the claim,False
3566,FLZH,2535,2026-02-03,DISPUTED_SPLIT_AMBIGUOUS,a jump exists (max |ln R|=3.053) that does not match the claim,False
3572,FMC,791,2019-02-26,DISPUTED_SPLIT_AMBIGUOUS,untestable ratio (|ln m|=0.142 < 0.3),True
3576,FMFC,2654,2026-07-27,DISPUTED_SPLIT_AMBIGUOUS,a jump exists (max |ln R|=0.565) that does not match the claim,False
3582,FMTO,2334,2025-04-15,AGREED_SPLIT_TESTABLE_AMBIGUOUS,price matches but dollar volume is 45.9x the prior median (crash-like),False
3590,FNCH,1868,2023-06-06,AGREED_SPLIT_TESTABLE_AMBIGUOUS,price matches but dollar volume is 476.0x the prior median (crash-like),False
3619,FORD,2124,2024-06-12,AGREED_SPLIT_TESTABLE_AMBIGUOUS,a jump exists (max |ln R|=2.143) that does not match the claim,False
3633,FOXO,1971,2023-11-01,AGREED_SPLIT_TESTABLE_AMBIGUOUS,a jump exists (max |ln R|=2.513) that does not match the claim,False
3633,FOXO,2339,2025-04-23,AGREED_SPLIT_TESTABLE_AMBIGUOUS,price matches but dollar volume is 10.5x the prior median (crash-like),False
3648,FRAN,875,2019-06-26,AGREED_SPLIT_TESTABLE_AMBIGUOUS,a jump exists (max |ln R|=2.400) that does not match the claim,False
3661,FRGE,2330,2025-04-09,AGREED_SPLIT_TESTABLE_AMBIGUOUS,price matches but dollar volume is 37.9x the prior median (crash-like),False
3663,FRGT,1211,2020-10-23,DISPUTED_SPLIT_AMBIGUOUS,a jump exists (max |ln R|=1.360) that does not match the claim,False
3663,FRGT,1537,2022-02-09,DISPUTED_SPLIT_AMBIGUOUS,a jump exists (max |ln R|=0.462) that does not match the claim,False
3663,FRGT,1814,2023-03-20,AGREED_SPLIT_TESTABLE_AMBIGUOUS,price matches but dollar volume is 12.5x the prior median (crash-like),False
3663,FRGT,2192,2024-09-19,AGREED_SPLIT_TESTABLE_AMBIGUOUS,a jump exists (max |ln R|=3.404) that does not match the claim,False
3684,FRTX,1632,2022-06-28,DISPUTED_SPLIT_AMBIGUOUS,a jump exists (max |ln R|=3.694) that does not match the claim,False
3736,FTEL,2440,2025-09-17,AGREED_SPLIT_TESTABLE_AMBIGUOUS,a jump exists (max |ln R|=3.342) that does not match the claim,False
3738,FTFT,2323,2025-03-31,AGREED_SPLIT_TESTABLE_AMBIGUOUS,price matches but dollar volume is 6.5x the prior median (crash-like),False
3738,FTFT,2675,2026-08-25,AGREED_SPLIT_TESTABLE_AMBIGUOUS,price matches but dollar volume is 48.0x the prior median (crash-like),False
3745,FTK,1941,2023-09-20,AGREED_SPLIT_TESTABLE_AMBIGUOUS,a jump exists (max |ln R|=1.679) that does not match the claim,False
3746,FTLF,2284,2025-02-03,AGREED_SPLIT_TESTABLE_AMBIGUOUS,a jump exists (max |ln R|=0.610) that does not match the claim,False
3758,FTV,1197,2020-10-05,DISPUTED_SPLIT_AMBIGUOUS,untestable ratio (|ln m|=0.178 < 0.3),True
3758,FTV,2381,2025-06-24,DISPUTED_SPLIT_AMBIGUOUS,untestable ratio (|ln m|=0.283 < 0.3),True
3761,FUBO,2565,2026-03-18,AGREED_SPLIT_TESTABLE_AMBIGUOUS,a jump exists (max |ln R|=2.391) that does not match the claim,True
3777,FUV,1736,2022-11-23,AGREED_SPLIT_TESTABLE_AMBIGUOUS,a jump exists (max |ln R|=2.879) that does not match the claim,False
3782,FVE,938,2019-09-25,DISPUTED_SPLIT_AMBIGUOUS,a jump exists (max |ln R|=2.105) that does not match the claim,False
3792,FWBI,1429,2021-09-07,DISPUTED_SPLIT_AMBIGUOUS,price matches but dollar volume is 5.2x the prior median (crash-like),False
3792,FWBI,1738,2022-11-28,DISPUTED_SPLIT_AMBIGUOUS,untestable ratio (|ln m|=0.001 < 0.3),False
3792,FWBI,1768,2023-01-11,AGREED_SPLIT_TESTABLE_AMBIGUOUS,price matches but dollar volume is 9.6x the prior median (crash-like),False
3792,FWBI,1999,2023-12-12,AGREED_SPLIT_TESTABLE_AMBIGUOUS,price matches but dollar volume is 7.4x the prior median (crash-like),False
3822,GAME,1825,2023-04-04,AGREED_SPLIT_TESTABLE_AMBIGUOUS,price matches but dollar volume is 13.5x the prior median (crash-like),False
3822,GAME,2670,2026-08-18,AGREED_SPLIT_TESTABLE_AMBIGUOUS,price matches but dollar volume is 5.1x the prior median (crash-like),False
3835,GAUZ,2683,2026-09-04,AGREED_SPLIT_TESTABLE_AMBIGUOUS,price matches but dollar volume is 13.3x the prior median (crash-like),False
3865,GCTK,2281,2025-01-29,AGREED_SPLIT_TESTABLE_AMBIGUOUS,a jump exists (max |ln R|=3.277) that does not match the claim,False
3874,GDHG,2188,2024-09-13,AGREED_SPLIT_TESTABLE_AMBIGUOUS,price matches but dollar volume is 9.9x the prior median (crash-like),False
3874,GDHG,2423,2025-08-22,AGREED_SPLIT_TESTABLE_AMBIGUOUS,a jump exists (max |ln R|=2.357) that does not match the claim,False
3884,GE,1759,2022-12-28,DISPUTED_SPLIT_AMBIGUOUS,untestable ratio (|ln m|=0.248 < 0.3),True
3884,GE,2070,2024-03-26,DISPUTED_SPLIT_AMBIGUOUS,untestable ratio (|ln m|=0.226 < 0.3),True
3886,GECC,1545,2022-02-22,AGREED_SPLIT_TESTABLE_AMBIGUOUS,a jump exists (max |ln R|=1.681) that does not match the claim,False
3918,GFAI,1785,2023-02-06,AGREED_SPLIT_TESTABLE_AMBIGUOUS,a jump exists (max |ln R|=3.518) that does not match the claim,False
3931,GGE,1171,2020-08-27,DISPUTED_SPLIT_AMBIGUOUS,price matches but dollar volume is 10.9x the prior median (crash-like),False
3949,GHSI,1762,2023-01-03,AGREED_SPLIT_TESTABLE_AMBIGUOUS,price matches but dollar volume is 19.3x the prior median (crash-like),False
3956,GIBO,2631,2026-06-23,AGREED_SPLIT_TESTABLE_AMBIGUOUS,a jump exists (max |ln R|=2.985) that does not match the claim,False
3975,GITS,2275,2025-01-21,AGREED_SPLIT_TESTABLE_AMBIGUOUS,price matches but dollar volume is 163.1x the prior median (crash-like),False
3992,GLBS,1205,2020-10-15,AGREED_SPLIT_TESTABLE_AMBIGUOUS,a jump exists (max |ln R|=4.693) that does not match the claim,False
4002,GLG,761,2019-01-11,DISPUTED_SPLIT_AMBIGUOUS,price matches but dollar volume is 87.5x the prior median (crash-like),False
4002,GLG,1663,2022-08-11,DISPUTED_SPLIT_AMBIGUOUS,a jump exists (max |ln R|=1.538) that does not match the claim,False
4007,GLMD,1849,2023-05-09,AGREED_SPLIT_TESTABLE_AMBIGUOUS,price matches but dollar volume is 40.1x the prior median (crash-like),False
4007,GLMD,2175,2024-08-26,AGREED_SPLIT_TESTABLE_AMBIGUOUS,price matches but dollar volume is 141.6x the prior median (crash-like),False
4007,GLMD,2667,2026-08-13,AGREED_SPLIT_TESTABLE_AMBIGUOUS,a jump exists (max |ln R|=2.262) that does not match the claim,False
4021,GLT,2220,2024-10-29,DISPUTED_SPLIT_AMBIGUOUS,a jump exists (max |ln R|=2.492) that does not match the claim,False
4023,GLTO,2175,2024-08-26,AGREED_SPLIT_TESTABLE_AMBIGUOUS,price matches but dollar volume is 23.7x the prior median (crash-like),False
4027,GLXG,2429,2025-09-02,AGREED_SPLIT_TESTABLE_AMBIGUOUS,price matches but dollar volume is 7.7x the prior median (crash-like),False
4031,GMBL,1792,2023-02-15,AGREED_SPLIT_TESTABLE_AMBIGUOUS,a jump exists (max |ln R|=4.395) that does not match the claim,False
4031,GMBL,2003,2023-12-18,AGREED_SPLIT_TESTABLE_AMBIGUOUS,a jump exists (max |ln R|=6.361) that does not match the claim,False
4036,GMEX,2592,2026-04-27,AGREED_SPLIT_TESTABLE_AMBIGUOUS,price matches but dollar volume is 6.9x the prior median (crash-like),False
4044,GMM,2620,2026-06-05,AGREED_SPLIT_TESTABLE_AMBIGUOUS,a jump exists (max |ln R|=3.752) that does not match the claim,False
4049,GMTX,1757,2022-12-23,AGREED_SPLIT_TESTABLE_AMBIGUOUS,a jump exists (max |ln R|=0.093) that does not match the claim,False
4050,GMVD,1730,2022-11-15,AGREED_SPLIT_TESTABLE_AMBIGUOUS,a jump exists (max |ln R|=3.346) that does not match the claim,False
4059,GNLN,1865,2023-06-01,AGREED_SPLIT_TESTABLE_AMBIGUOUS,price matches but dollar volume is 13.2x the prior median (crash-like),False
4059,GNLN,2156,2024-07-30,AGREED_SPLIT_TESTABLE_AMBIGUOUS,a jump exists (max |ln R|=2.136) that does not match the claim,False
4059,GNLN,2573,2026-03-30,AGREED_SPLIT_TESTABLE_AMBIGUOUS,a jump exists (max |ln R|=1.953) that does not match the claim,False
4064,GNPX,2030,2024-01-29,AGREED_SPLIT_TESTABLE_AMBIGUOUS,a jump exists (max |ln R|=3.425) that does not match the claim,False
4064,GNPX,2643,2026-07-10,AGREED_SPLIT_TESTABLE_AMBIGUOUS,a jump exists (max |ln R|=2.970) that does not match the claim,False
4068,GNS,2165,2024-08-12,AGREED_SPLIT_TESTABLE_AMBIGUOUS,a jump exists (max |ln R|=2.445) that does not match the claim,False
4071,GNTY,1277,2021-01-29,DISPUTED_SPLIT_AMBIGUOUS,untestable ratio (|ln m|=0.095 < 0.3),False
4078,GOCO,1729,2022-11-14,AGREED_SPLIT_TESTABLE_AMBIGUOUS,price matches but dollar volume is 9.5x the prior median (crash-like),False
4093,GOSS,2683,2026-09-04,AGREED_SPLIT_TESTABLE_AMBIGUOUS,a jump exists (max |ln R|=4.473) that does not match the claim,False
4095,GOVX,2028,2024-01-25,AGREED_SPLIT_TESTABLE_AMBIGUOUS,price matches but dollar volume is 5.7x the prior median (crash-like),False
4095,GOVX,2516,2026-01-06,AGREED_SPLIT_TESTABLE_AMBIGUOUS,a jump exists (max |ln R|=3.016) that does not match the claim,False
4097,GP,2429,2025-09-02,AGREED_SPLIT_TESTABLE_AMBIGUOUS,a jump exists (max |ln R|=2.450) that does not match the claim,False
4117,GPRK,1037,2020-02-18,DISPUTED_SPLIT_AMBIGUOUS,untestable ratio (|ln m|=0.004 < 0.3),False
4120,GPUS,1852,2023-05-12,DISPUTED_SPLIT_AMBIGUOUS,price matches but dollar volume is 9.2x the prior median (crash-like),False
4120,GPUS,1876,2023-06-16,DISPUTED_SPLIT_AMBIGUOUS,untestable ratio (|ln m|=0.276 < 0.3),False
4120,GPUS,2078,2024-04-08,DISPUTED_SPLIT_AMBIGUOUS,untestable ratio (|ln m|=0.024 < 0.3),False
4120,GPUS,2248,2024-12-09,DISPUTED_SPLIT_AMBIGUOUS,untestable ratio (|ln m|=0.130 < 0.3),False
4120,GPUS,2685,2026-09-09,DISPUTED_SPLIT_AMBIGUOUS,untestable ratio (|ln m|=0.040 < 0.3),False
4134,GRDX,2415,2025-08-12,DISPUTED_SPLIT_AMBIGUOUS,price matches but dollar volume is 14.3x the prior median (crash-like),False
4135,GREE,1850,2023-05-10,AGREED_SPLIT_TESTABLE_AMBIGUOUS,price matches but dollar volume is 6.8x the prior median (crash-like),False
4138,GRI,2027,2024-01-24,AGREED_SPLIT_TESTABLE_AMBIGUOUS,price matches but dollar volume is 227.7x the prior median (crash-like),False
4138,GRI,2124,2024-06-12,AGREED_SPLIT_TESTABLE_AMBIGUOUS,price matches but dollar volume is 6.5x the prior median (crash-like),False
4145,GRNQ,1649,2022-07-22,AGREED_SPLIT_TESTABLE_AMBIGUOUS,a jump exists (max |ln R|=2.189) that does not match the claim,False
4145,GRNQ,2658,2026-07-31,AGREED_SPLIT_TESTABLE_AMBIGUOUS,a jump exists (max |ln R|=2.043) that does not match the claim,False
4150,GROM,1743,2022-12-05,AGREED_SPLIT_TESTABLE_AMBIGUOUS,a jump exists (max |ln R|=2.522) that does not match the claim,False
4150,GROM,1928,2023-08-31,AGREED_SPLIT_TESTABLE_AMBIGUOUS,price matches but dollar volume is 253.7x the prior median (crash-like),False
4151,GROV,1864,2023-05-31,AGREED_SPLIT_TESTABLE_AMBIGUOUS,a jump exists (max |ln R|=1.776) that does not match the claim,False
4155,GRPN,1113,2020-06-05,AGREED_SPLIT_TESTABLE_AMBIGUOUS,a jump exists (max |ln R|=2.718) that does not match the claim,True
4156,GRRR,2079,2024-04-09,AGREED_SPLIT_TESTABLE_AMBIGUOUS,a jump exists (max |ln R|=2.163) that does not match the claim,True
4165,GRYP,2426,2025-08-27,DISPUTED_SPLIT_AMBIGUOUS,a jump exists (max |ln R|=0.102) that does not match the claim,False
4170,GSAT,2286,2025-02-05,AGREED_SPLIT_TESTABLE_AMBIGUOUS,a jump exists (max |ln R|=2.851) that does not match the claim,True
4181,GSIW,2553,2026-03-02,AGREED_SPLIT_TESTABLE_AMBIGUOUS,a jump exists (max |ln R|=5.099) that does not match the claim,False
4195,GSUN,2083,2024-04-15,AGREED_SPLIT_TESTABLE_AMBIGUOUS,a jump exists (max |ln R|=2.064) that does not match the claim,False
4201,GTBP,2031,2024-01-30,AGREED_SPLIT_TESTABLE_AMBIGUOUS,price matches but dollar volume is 6.9x the prior median (crash-like),False
4217,GTS,891,2019-07-19,DISPUTED_SPLIT_AMBIGUOUS,untestable ratio (|ln m|=0.050 < 0.3),False
4229,GV,2110,2024-05-22,AGREED_SPLIT_TESTABLE_AMBIGUOUS,a jump exists (max |ln R|=2.319) that does not match the claim,False
4235,GWAV,2420,2025-08-19,AGREED_SPLIT_TESTABLE_AMBIGUOUS,price matches but dollar volume is 9.7x the prior median (crash-like),False
4238,GWH,2171,2024-08-20,AGREED_SPLIT_TESTABLE_AMBIGUOUS,a jump exists (max |ln R|=2.559) that does not match the claim,False
4250,GYRE,1766,2023-01-09,DISPUTED_SPLIT_AMBIGUOUS,a jump exists (max |ln R|=0.828) that does not match the claim,False
4265,HALL,1758,2022-12-27,AGREED_SPLIT_TESTABLE_AMBIGUOUS,price matches but dollar volume is 8.4x the prior median (crash-like),False
4268,HAO,2606,2026-05-15,AGREED_SPLIT_TESTABLE_AMBIGUOUS,price matches but dollar volume is 7.5x the prior median (crash-like),False
4268,HAO,2664,2026-08-10,AGREED_SPLIT_TESTABLE_AMBIGUOUS,price matches but dollar volume is 12.4x the prior median (crash-like),False
4271,HARP,1926,2023-08-29,AGREED_SPLIT_TESTABLE_AMBIGUOUS,a jump exists (max |ln R|=2.212) that does not match the claim,False
4287,HBIO,2559,2026-03-10,AGREED_SPLIT_TESTABLE_AMBIGUOUS,price matches but dollar volume is 5.6x the prior median (crash-like),False
4300,HCAI,2578,2026-04-07,AGREED_SPLIT_TESTABLE_AMBIGUOUS,price matches but dollar volume is 21.8x the prior median (crash-like),False
4310,HCDI,1800,2023-02-28,AGREED_SPLIT_TESTABLE_AMBIGUOUS,price matches but dollar volume is 18.8x the prior median (crash-like),False
4326,HCTI,1858,2023-05-22,AGREED_SPLIT_TESTABLE_AMBIGUOUS,price matches but dollar volume is 68.9x the prior median (crash-like),False
4326,HCTI,2404,2025-07-28,AGREED_SPLIT_TESTABLE_AMBIGUOUS,a jump exists (max |ln R|=5.042) that does not match the claim,False
4329,HCWC,2675,2026-08-25,AGREED_SPLIT_TESTABLE_AMBIGUOUS,price matches but dollar volume is 5.5x the prior median (crash-like),False
4339,HEB,860,2019-06-05,AGREED_SPLIT_TESTABLE_AMBIGUOUS,price matches but dollar volume is 8.0x the prior median (crash-like),False
4350,HEPA,854,2019-05-28,DISPUTED_SPLIT_AMBIGUOUS,price matches but dollar volume is 6.3x the prior median (crash-like),False
4350,HEPA,1847,2023-05-05,AGREED_SPLIT_TESTABLE_AMBIGUOUS,a jump exists (max |ln R|=2.861) that does not match the claim,False
4350,HEPA,2310,2025-03-12,AGREED_SPLIT_TESTABLE_AMBIGUOUS,a jump exists (max |ln R|=3.650) that does not match the claim,False
4352,HERZ,2535,2026-02-03,AGREED_SPLIT_TESTABLE_AMBIGUOUS,a jump exists (max |ln R|=2.154) that does not match the claim,False
4357,HFBL,1316,2021-03-26,AGREED_SPLIT_TESTABLE_AMBIGUOUS,price matches but dollar volume is 5.9x the prior median (crash-like),False
4368,HGSH,1171,2020-08-27,DISPUTED_SPLIT_AMBIGUOUS,price matches but dollar volume is 10.9x the prior median (crash-like),False
4393,HIND,2414,2025-08-11,DISPUTED_SPLIT_AMBIGUOUS,a jump exists (max |ln R|=1.291) that does not match the claim,False
4401,HKIT,2573,2026-03-30,AGREED_SPLIT_TESTABLE_AMBIGUOUS,price matches but dollar volume is 5.5x the prior median (crash-like),False
4401,HKIT,2611,2026-05-22,AGREED_SPLIT_TESTABLE_AMBIGUOUS,price matches but dollar volume is 7.9x the prior median (crash-like),False
4405,HLBZ,1819,2023-03-27,AGREED_SPLIT_TESTABLE_AMBIGUOUS,a jump exists (max |ln R|=0.176) that does not match the claim,False
4407,HLGN,1925,2023-08-28,AGREED_SPLIT_TESTABLE_AMBIGUOUS,price matches but dollar volume is 9.8x the prior median (crash-like),False
4416,HLSQ,2681,2026-09-02,DISPUTED_SPLIT_AMBIGUOUS,price matches but dollar volume is 9.1x the prior median (crash-like),False
4452,HOFV,1754,2022-12-20,AGREED_SPLIT_TESTABLE_AMBIGUOUS,price matches but dollar volume is 7.8x the prior median (crash-like),False
4456,HOLO,2202,2024-10-03,AGREED_SPLIT_TESTABLE_AMBIGUOUS,a jump exists (max |ln R|=3.109) that does not match the claim,False
4460,HON,2467,2025-10-24,DISPUTED_SPLIT_AMBIGUOUS,untestable ratio (|ln m|=0.059 < 0.3),True
4473,HOTH,1712,2022-10-20,AGREED_SPLIT_TESTABLE_AMBIGUOUS,price matches but dollar volume is 24.0x the prior median (crash-like),False
4477,HOV,810,2019-03-25,AGREED_SPLIT_TESTABLE_AMBIGUOUS,price matches but dollar volume is 6.8x the prior median (crash-like),False
4482,HPCO,2057,2024-03-07,AGREED_SPLIT_TESTABLE_AMBIGUOUS,price matches but dollar volume is 23.6x the prior median (crash-like),False
4516,HSCS,2103,2024-05-13,AGREED_SPLIT_TESTABLE_AMBIGUOUS,a jump exists (max |ln R|=4.343) that does not match the claim,False
4517,HSDT,1255,2020-12-28,AGREED_SPLIT_TESTABLE_AMBIGUOUS,price matches but dollar volume is 8.2x the prior median (crash-like),False
4517,HSDT,1914,2023-08-11,AGREED_SPLIT_TESTABLE_AMBIGUOUS,price matches but dollar volume is 65.7x the prior median (crash-like),False
4517,HSDT,2342,2025-04-28,AGREED_SPLIT_TESTABLE_AMBIGUOUS,price matches but dollar volume is 38.3x the prior median (crash-like),False
4518,HSGX,937,2019-09-24,AGREED_SPLIT_TESTABLE_AMBIGUOUS,a jump exists (max |ln R|=0.119) that does not match the claim,False
4539,HTCO,2409,2025-08-04,AGREED_SPLIT_TESTABLE_AMBIGUOUS,price matches but dollar volume is 5.9x the prior median (crash-like),False
4540,HTCR,2573,2026-03-30,AGREED_SPLIT_TESTABLE_AMBIGUOUS,a jump exists (max |ln R|=3.086) that does not match the claim,False
4543,HTGM,1228,2020-11-17,AGREED_SPLIT_TESTABLE_AMBIGUOUS,a jump exists (max |ln R|=2.601) that does not match the claim,False
4543,HTGM,1751,2022-12-15,AGREED_SPLIT_TESTABLE_AMBIGUOUS,price matches but dollar volume is 354.2x the prior median (crash-like),False
4550,HTOO,2390,2025-07-08,AGREED_SPLIT_TESTABLE_AMBIGUOUS,a jump exists (max |ln R|=3.044) that does not match the claim,False
4555,HUBC,2684,2026-09-08,AGREED_SPLIT_TESTABLE_AMBIGUOUS,a jump exists (max |ln R|=3.067) that does not match the claim,False
4562,HUGE,2164,2024-08-09,DISPUTED_SPLIT_AMBIGUOUS,a jump exists (max |ln R|=0.736) that does not match the claim,False
4569,HURA,2209,2024-10-14,DISPUTED_SPLIT_AMBIGUOUS,a jump exists (max |ln R|=3.398) that does not match the claim,False
4572,HUSA,1149,2020-07-28,AGREED_SPLIT_TESTABLE_AMBIGUOUS,a jump exists (max |ln R|=2.696) that does not match the claim,False
4573,HUSN,1211,2020-10-23,DISPUTED_SPLIT_AMBIGUOUS,a jump exists (max |ln R|=1.360) that does not match the claim,False
4573,HUSN,1537,2022-02-09,DISPUTED_SPLIT_AMBIGUOUS,a jump exists (max |ln R|=0.462) that does not match the claim,False
4582,HWBK,862,2019-06-07,DISPUTED_SPLIT_AMBIGUOUS,untestable ratio (|ln m|=0.039 < 0.3),False
4582,HWBK,1114,2020-06-08,DISPUTED_SPLIT_AMBIGUOUS,untestable ratio (|ln m|=0.039 < 0.3),False
4582,HWBK,1366,2021-06-08,DISPUTED_SPLIT_AMBIGUOUS,untestable ratio (|ln m|=0.039 < 0.3),False
4582,HWBK,1619,2022-06-08,DISPUTED_SPLIT_AMBIGUOUS,untestable ratio (|ln m|=0.039 < 0.3),False
4582,HWBK,1870,2023-06-08,DISPUTED_SPLIT_AMBIGUOUS,untestable ratio (|ln m|=0.039 < 0.3),False
4587,HWH,2294,2025-02-18,AGREED_SPLIT_TESTABLE_AMBIGUOUS,price matches but dollar volume is 7.9x the prior median (crash-like),False
4599,HYFM,2288,2025-02-07,AGREED_SPLIT_TESTABLE_AMBIGUOUS,price matches but dollar volume is 17.2x the prior median (crash-like),False
4635,IBG,2443,2025-09-22,AGREED_SPLIT_TESTABLE_AMBIGUOUS,price matches but dollar volume is 6.1x the prior median (crash-like),False
4635,IBG,2529,2026-01-26,AGREED_SPLIT_TESTABLE_AMBIGUOUS,price matches but dollar volume is 6.9x the prior median (crash-like),False
4636,IBIO,1986,2023-11-22,AGREED_SPLIT_TESTABLE_AMBIGUOUS,price matches but dollar volume is 7.6x the prior median (crash-like),False
4639,IBM,1467,2021-10-29,DISPUTED_SPLIT_AMBIGUOUS,untestable ratio (|ln m|=0.045 < 0.3),True
4642,IBO,2691,2026-09-17,AGREED_SPLIT_TESTABLE_AMBIGUOUS,price matches but dollar volume is 5.2x the prior median (crash-like),False
4654,ICCM,2615,2026-05-29,AGREED_SPLIT_TESTABLE_AMBIGUOUS,price matches but dollar volume is 6.0x the prior median (crash-like),False
4656,ICD,1050,2020-03-06,AGREED_SPLIT_TESTABLE_AMBIGUOUS,a jump exists (max |ln R|=2.821) that does not match the claim,False
4664,ICON,2514,2026-01-02,AGREED_SPLIT_TESTABLE_AMBIGUOUS,a jump exists (max |ln R|=1.733) that does not match the claim,False
4666,ICU,2118,2024-06-04,AGREED_SPLIT_TESTABLE_AMBIGUOUS,a jump exists (max |ln R|=3.102) that does not match the claim,False
4672,IDAI,1813,2023-03-17,AGREED_SPLIT_TESTABLE_AMBIGUOUS,price matches but dollar volume is 10.5x the prior median (crash-like),False
4672,IDAI,2262,2024-12-30,AGREED_SPLIT_TESTABLE_AMBIGUOUS,a jump exists (max |ln R|=2.577) that does not match the claim,False
4674,IDEX,1920,2023-08-21,AGREED_SPLIT_TESTABLE_AMBIGUOUS,a jump exists (max |ln R|=4.699) that does not match the claim,True
4684,IDXG,1011,2020-01-09,AGREED_SPLIT_TESTABLE_AMBIGUOUS,price matches but dollar volume is 12.5x the prior median (crash-like),False
4694,IFBD,1679,2022-09-02,AGREED_SPLIT_TESTABLE_AMBIGUOUS,a jump exists (max |ln R|=1.812) that does not match the claim,False
4694,IFBD,1980,2023-11-14,AGREED_SPLIT_TESTABLE_AMBIGUOUS,a jump exists (max |ln R|=2.705) that does not match the claim,False
4725,IKT,1881,2023-06-26,AGREED_SPLIT_TESTABLE_AMBIGUOUS,price matches but dollar volume is 13.1x the prior median (crash-like),False
4727,ILAG,2508,2025-12-23,AGREED_SPLIT_TESTABLE_AMBIGUOUS,price matches but dollar volume is 15.3x the prior median (crash-like),False
4731,ILLR,2627,2026-06-16,AGREED_SPLIT_TESTABLE_AMBIGUOUS,price matches but dollar volume is 16.1x the prior median (crash-like),False
4743,IMCC,1728,2022-11-11,AGREED_SPLIT_TESTABLE_AMBIGUOUS,a jump exists (max |ln R|=2.147) that does not match the claim,False
4743,IMCC,2673,2026-08-21,AGREED_SPLIT_TESTABLE_AMBIGUOUS,price matches but dollar volume is 6.3x the prior median (crash-like),False
4746,IMG,2492,2025-12-01,AGREED_SPLIT_TESTABLE_AMBIGUOUS,a jump exists (max |ln R|=3.078) that does not match the claim,False
4758,IMNN,1546,2022-02-23,DISPUTED_SPLIT_AMBIGUOUS,price matches but dollar volume is 11.9x the prior median (crash-like),False
4758,IMNN,2408,2025-08-01,DISPUTED_SPLIT_AMBIGUOUS,untestable ratio (|ln m|=0.140 < 0.3),False
4770,IMTE,1956,2023-10-11,DISPUTED_SPLIT_AMBIGUOUS,price matches but dollar volume is 16.1x the prior median (crash-like),False
4777,INAB,2366,2025-06-02,AGREED_SPLIT_TESTABLE_AMBIGUOUS,price matches but dollar volume is 5.7x the prior median (crash-like),False
4784,INBS,2026,2024-01-23,AGREED_SPLIT_TESTABLE_AMBIGUOUS,price matches but dollar volume is 20.0x the prior median (crash-like),False
4787,INCR,2670,2026-08-18,AGREED_SPLIT_TESTABLE_AMBIGUOUS,a jump exists (max |ln R|=1.855) that does not match the claim,False
4792,INDP,2380,2025-06-23,AGREED_SPLIT_TESTABLE_AMBIGUOUS,price matches but dollar volume is 6.1x the prior median (crash-like),False
4805,INHD,2203,2024-10-04,AGREED_SPLIT_TESTABLE_AMBIGUOUS,a jump exists (max |ln R|=2.025) that does not match the claim,False
4809,INKT,2276,2025-01-22,AGREED_SPLIT_TESTABLE_AMBIGUOUS,price matches but dollar volume is 16.6x the prior median (crash-like),False
4810,INLF,2635,2026-06-29,AGREED_SPLIT_TESTABLE_AMBIGUOUS,a jump exists (max |ln R|=5.442) that does not match the claim,False
4812,INM,1677,2022-08-31,AGREED_SPLIT_TESTABLE_AMBIGUOUS,a jump exists (max |ln R|=3.478) that does not match the claim,False
4812,INM,2228,2024-11-08,AGREED_SPLIT_TESTABLE_AMBIGUOUS,price matches but dollar volume is 7.2x the prior median (crash-like),False
4820,INPX,1005,2019-12-31,AGREED_SPLIT_TESTABLE_AMBIGUOUS,a jump exists (max |ln R|=3.529) that does not match the claim,False
4820,INPX,1699,2022-10-03,AGREED_SPLIT_TESTABLE_AMBIGUOUS,a jump exists (max |ln R|=4.165) that does not match the claim,False
4820,INPX,2057,2024-03-07,AGREED_SPLIT_TESTABLE_AMBIGUOUS,a jump exists (max |ln R|=0.124) that does not match the claim,False
4825,INSG,2023,2024-01-18,AGREED_SPLIT_TESTABLE_AMBIGUOUS,price matches but dollar volume is 10.8x the prior median (crash-like),True
4837,INTJ,2540,2026-02-10,AGREED_SPLIT_TESTABLE_AMBIGUOUS,price matches but dollar volume is 5.9x the prior median (crash-like),False
4843,INTZ,2065,2024-03-19,AGREED_SPLIT_TESTABLE_AMBIGUOUS,a jump exists (max |ln R|=2.876) that does not match the claim,False
4844,INUV,2368,2025-06-04,AGREED_SPLIT_TESTABLE_AMBIGUOUS,price matches but dollar volume is 5.7x the prior median (crash-like),False
4849,INVO,1900,2023-07-24,AGREED_SPLIT_TESTABLE_AMBIGUOUS,a jump exists (max |ln R|=3.239) that does not match the claim,False
4863,IONM,1800,2023-02-28,AGREED_SPLIT_TESTABLE_AMBIGUOUS,price matches but dollar volume is 36.4x the prior median (crash-like),False
4869,IOTR,2474,2025-11-04,AGREED_SPLIT_TESTABLE_AMBIGUOUS,price matches but dollar volume is 11.8x the prior median (crash-like),False
4888,IPI,1158,2020-08-10,AGREED_SPLIT_TESTABLE_AMBIGUOUS,price matches but dollar volume is 13.5x the prior median (crash-like),True
4905,IPW,2464,2025-10-21,AGREED_SPLIT_TESTABLE_AMBIGUOUS,price matches but dollar volume is 6.2x the prior median (crash-like),False
4906,IPWR,909,2019-08-14,AGREED_SPLIT_TESTABLE_AMBIGUOUS,price matches but dollar volume is 19.0x the prior median (crash-like),False
4912,IQST,2498,2025-12-09,DISPUTED_SPLIT_AMBIGUOUS,untestable ratio (|ln m|=0.016 < 0.3),False
4914,IR,1042,2020-02-25,DISPUTED_SPLIT_AMBIGUOUS,untestable ratio (|ln m|=0.125 < 0.3),True
4942,ISIG,1255,2020-12-28,AGREED_SPLIT_TESTABLE_AMBIGUOUS,a jump exists (max |ln R|=1.774) that does not match the claim,False
4951,ISPC,2185,2024-09-10,AGREED_SPLIT_TESTABLE_AMBIGUOUS,price matches but dollar volume is 11.7x the prior median (crash-like),False
4952,ISPO,1956,2023-10-11,AGREED_SPLIT_TESTABLE_AMBIGUOUS,a jump exists (max |ln R|=2.849) that does not match the claim,False
4974,ITP,1635,2022-07-01,AGREED_SPLIT_TESTABLE_AMBIGUOUS,a jump exists (max |ln R|=2.158) that does not match the claim,False
4989,IVDA,1569,2022-03-28,AGREED_SPLIT_TESTABLE_AMBIGUOUS,a jump exists (max |ln R|=0.193) that does not match the claim,False
4989,IVDA,2186,2024-09-11,AGREED_SPLIT_TESTABLE_AMBIGUOUS,price matches but dollar volume is 6.3x the prior median (crash-like),False
4990,IVF,2395,2025-07-15,AGREED_SPLIT_TESTABLE_AMBIGUOUS,a jump exists (max |ln R|=1.201) that does not match the claim,False
4990,IVF,2487,2025-11-21,AGREED_SPLIT_TESTABLE_AMBIGUOUS,price matches but dollar volume is 49.9x the prior median (crash-like),False
4990,IVF,2568,2026-03-23,AGREED_SPLIT_TESTABLE_AMBIGUOUS,price matches but dollar volume is 5.0x the prior median (crash-like),False
4991,IVP,2096,2024-05-02,AGREED_SPLIT_TESTABLE_AMBIGUOUS,price matches but dollar volume is 36.4x the prior median (crash-like),False
4992,IVR,1613,2022-05-31,AGREED_SPLIT_TESTABLE_AMBIGUOUS,price matches but dollar volume is 7.4x the prior median (crash-like),True
5000,IZEA,1872,2023-06-12,AGREED_SPLIT_TESTABLE_AMBIGUOUS,price matches but dollar volume is 7.7x the prior median (crash-like),False
5001,IZM,2685,2026-09-09,AGREED_SPLIT_TESTABLE_AMBIGUOUS,price matches but dollar volume is 29.5x the prior median (crash-like),False
5009,JAGX,858,2019-06-03,AGREED_SPLIT_TESTABLE_AMBIGUOUS,price matches but dollar volume is 6.5x the prior median (crash-like),False
5009,JAGX,1426,2021-09-01,AGREED_SPLIT_TESTABLE_AMBIGUOUS,a jump exists (max |ln R|=1.034) that does not match the claim,False
5009,JAGX,1771,2023-01-17,AGREED_SPLIT_TESTABLE_AMBIGUOUS,price matches but dollar volume is 5.8x the prior median (crash-like),False
5009,JAGX,2549,2026-02-24,DISPUTED_SPLIT_AMBIGUOUS,untestable ratio (|ln m|=0.095 < 0.3),False
5009,JAGX,2591,2026-04-24,AGREED_SPLIT_TESTABLE_AMBIGUOUS,a jump exists (max |ln R|=3.474) that does not match the claim,False
5009,JAGX,2687,2026-09-11,AGREED_SPLIT_TESTABLE_AMBIGUOUS,price matches but dollar volume is 5.3x the prior median (crash-like),False
5023,JBDI,2632,2026-06-24,AGREED_SPLIT_TESTABLE_AMBIGUOUS,price matches but dollar volume is 74.9x the prior median (crash-like),False
5027,JBIO,2339,2025-04-23,DISPUTED_SPLIT_AMBIGUOUS,a jump exists (max |ln R|=1.559) that does not match the claim,False
5038,JCS,1560,2022-03-15,AGREED_SPLIT_TESTABLE_AMBIGUOUS,price matches but dollar volume is 7.6x the prior median (crash-like),False
5041,JDZG,2377,2025-06-17,AGREED_SPLIT_TESTABLE_AMBIGUOUS,price matches but dollar volume is 10.2x the prior median (crash-like),False
5042,JE,1189,2020-09-23,AGREED_SPLIT_TESTABLE_AMBIGUOUS,a jump exists (max |ln R|=3.241) that does not match the claim,False
5050,JFBR,1969,2023-10-30,DISPUTED_SPLIT_AMBIGUOUS,a jump exists (max |ln R|=1.815) that does not match the claim,False
5050,JFBR,2232,2024-11-14,AGREED_SPLIT_TESTABLE_AMBIGUOUS,a jump exists (max |ln R|=2.451) that does not match the claim,False
5061,JL,2245,2024-12-04,AGREED_SPLIT_TESTABLE_AMBIGUOUS,price matches but dollar volume is 15.8x the prior median (crash-like),False
5078,JNVR,2258,2024-12-23,AGREED_SPLIT_TESTABLE_AMBIGUOUS,price matches but dollar volume is 9.2x the prior median (crash-like),False
5096,JTAI,2226,2024-11-06,AGREED_SPLIT_TESTABLE_AMBIGUOUS,a jump exists (max |ln R|=5.187) that does not match the claim,False
5096,JTAI,2575,2026-04-01,AGREED_SPLIT_TESTABLE_AMBIGUOUS,a jump exists (max |ln R|=5.595) that does not match the claim,False
5110,JWEL,1964,2023-10-23,AGREED_SPLIT_TESTABLE_AMBIGUOUS,a jump exists (max |ln R|=2.531) that does not match the claim,False
5114,JXG,2264,2025-01-02,AGREED_SPLIT_TESTABLE_AMBIGUOUS,price matches but dollar volume is 9.9x the prior median (crash-like),False
5114,JXG,2483,2025-11-17,AGREED_SPLIT_TESTABLE_AMBIGUOUS,a jump exists (max |ln R|=2.562) that does not match the claim,False
5120,JZXN,1886,2023-07-03,AGREED_SPLIT_TESTABLE_AMBIGUOUS,price matches but dollar volume is 8.1x the prior median (crash-like),False
5120,JZXN,2134,2024-06-27,AGREED_SPLIT_TESTABLE_AMBIGUOUS,a jump exists (max |ln R|=2.389) that does not match the claim,False
5120,JZXN,2496,2025-12-05,AGREED_SPLIT_TESTABLE_AMBIGUOUS,a jump exists (max |ln R|=4.015) that does not match the claim,False
5129,KAL,1753,2022-12-19,AGREED_SPLIT_TESTABLE_AMBIGUOUS,price matches but dollar volume is 8.6x the prior median (crash-like),False
5130,KALA,1670,2022-08-22,DISPUTED_SPLIT_AMBIGUOUS,untestable ratio (|ln m|=0.001 < 0.3),False
5130,KALA,1709,2022-10-17,AGREED_SPLIT_TESTABLE_AMBIGUOUS,price matches but dollar volume is 39.8x the prior median (crash-like),False
5139,KAVL,2024,2024-01-19,AGREED_SPLIT_TESTABLE_AMBIGUOUS,price matches but dollar volume is 11.1x the prior median (crash-like),False
5185,KGJI,953,2019-10-16,AGREED_SPLIT_TESTABLE_AMBIGUOUS,a jump exists (max |ln R|=1.610) that does not match the claim,False
5200,KITT,2693,2026-09-21,AGREED_SPLIT_TESTABLE_AMBIGUOUS,a jump exists (max |ln R|=1.883) that does not match the claim,False
5253,KORE,2132,2024-06-25,AGREED_SPLIT_TESTABLE_AMBIGUOUS,a jump exists (max |ln R|=1.334) that does not match the claim,False
5259,KPLT,1900,2023-07-24,AGREED_SPLIT_TESTABLE_AMBIGUOUS,a jump exists (max |ln R|=2.878) that does not match the claim,False
5260,KPRX,1691,2022-09-21,AGREED_SPLIT_TESTABLE_AMBIGUOUS,price matches but dollar volume is 14.1x the prior median (crash-like),False
5260,KPRX,2119,2024-06-05,AGREED_SPLIT_TESTABLE_AMBIGUOUS,price matches but dollar volume is 6.4x the prior median (crash-like),False
5261,KPTI,2296,2025-02-20,AGREED_SPLIT_TESTABLE_AMBIGUOUS,price matches but dollar volume is 10.6x the prior median (crash-like),False
5286,KSCP,2185,2024-09-10,AGREED_SPLIT_TESTABLE_AMBIGUOUS,a jump exists (max |ln R|=4.092) that does not match the claim,False
5289,KSPN,906,2019-08-09,DISPUTED_SPLIT_AMBIGUOUS,price matches but dollar volume is 26.9x the prior median (crash-like),False
5295,KTRA,1725,2022-11-08,AGREED_SPLIT_TESTABLE_AMBIGUOUS,price matches but dollar volume is 9.8x the prior median (crash-like),False
5296,KTTA,2008,2023-12-26,AGREED_SPLIT_TESTABLE_AMBIGUOUS,price matches but dollar volume is 10.6x the prior median (crash-like),False
5302,KUST,2514,2026-01-02,DISPUTED_SPLIT_AMBIGUOUS,price matches but dollar volume is 14.5x the prior median (crash-like),False
5302,KUST,2585,2026-04-16,AGREED_SPLIT_TESTABLE_AMBIGUOUS,price matches but dollar volume is 14.3x the prior median (crash-like),False
5312,KWE,2212,2024-10-17,AGREED_SPLIT_TESTABLE_AMBIGUOUS,a jump exists (max |ln R|=2.471) that does not match the claim,False
5312,KWE,2335,2025-04-16,AGREED_SPLIT_TESTABLE_AMBIGUOUS,price matches but dollar volume is 160.9x the prior median (crash-like),False
5313,KWM,2655,2026-07-28,AGREED_SPLIT_TESTABLE_AMBIGUOUS,price matches but dollar volume is 21.0x the prior median (crash-like),False
5316,KXIN,1934,2023-09-11,AGREED_SPLIT_TESTABLE_AMBIGUOUS,a jump exists (max |ln R|=2.550) that does not match the claim,False
5316,KXIN,2488,2025-11-24,AGREED_SPLIT_TESTABLE_AMBIGUOUS,a jump exists (max |ln R|=3.229) that does not match the claim,False
5327,LABP,1858,2023-05-22,AGREED_SPLIT_TESTABLE_AMBIGUOUS,price matches but dollar volume is 80.3x the prior median (crash-like),False
5342,LARK,980,2019-11-22,DISPUTED_SPLIT_AMBIGUOUS,untestable ratio (|ln m|=0.049 < 0.3),False
5342,LARK,1233,2020-11-24,DISPUTED_SPLIT_AMBIGUOUS,untestable ratio (|ln m|=0.049 < 0.3),False
5342,LARK,1484,2021-11-23,DISPUTED_SPLIT_AMBIGUOUS,untestable ratio (|ln m|=0.049 < 0.3),False
5342,LARK,1737,2022-11-25,DISPUTED_SPLIT_AMBIGUOUS,untestable ratio (|ln m|=0.049 < 0.3),False
5342,LARK,1987,2023-11-24,DISPUTED_SPLIT_AMBIGUOUS,untestable ratio (|ln m|=0.049 < 0.3),False
5342,LARK,2239,2024-11-25,DISPUTED_SPLIT_AMBIGUOUS,untestable ratio (|ln m|=0.049 < 0.3),False
5342,LARK,2488,2025-11-24,DISPUTED_SPLIT_AMBIGUOUS,untestable ratio (|ln m|=0.049 < 0.3),False
5383,LCFY,1742,2022-12-02,AGREED_SPLIT_TESTABLE_AMBIGUOUS,a jump exists (max |ln R|=2.772) that does not match the claim,False
5384,LCI,1782,2023-02-01,AGREED_SPLIT_TESTABLE_AMBIGUOUS,price matches but dollar volume is 7.1x the prior median (crash-like),False
5414,LEN,2271,2025-01-14,DISPUTED_SPLIT_AMBIGUOUS,untestable ratio (|ln m|=0.032 < 0.3),True
5416,LENZ,2064,2024-03-18,DISPUTED_SPLIT_AMBIGUOUS,a jump exists (max |ln R|=1.614) that does not match the claim,False
5428,LEXX,2655,2026-07-28,AGREED_SPLIT_TESTABLE_AMBIGUOUS,price matches but dollar volume is 8.3x the prior median (crash-like),False
5437,LFLY,1931,2023-09-06,AGREED_SPLIT_TESTABLE_AMBIGUOUS,price matches but dollar volume is 12.5x the prior median (crash-like),False
5440,LFT,2682,2026-09-03,AGREED_SPLIT_TESTABLE_AMBIGUOUS,a jump exists (max |ln R|=2.232) that does not match the claim,False
5445,LFWD,2545,2026-02-18,AGREED_SPLIT_TESTABLE_AMBIGUOUS,a jump exists (max |ln R|=2.381) that does not match the claim,False
5449,LGCB,2324,2025-04-01,AGREED_SPLIT_TESTABLE_AMBIGUOUS,price matches but dollar volume is 31.2x the prior median (crash-like),False
5459,LGMK,1454,2021-10-12,DISPUTED_SPLIT_AMBIGUOUS,a jump exists (max |ln R|=2.183) that does not match the claim,False
5470,LGVN,2067,2024-03-21,AGREED_SPLIT_TESTABLE_AMBIGUOUS,a jump exists (max |ln R|=2.140) that does not match the claim,False
5472,LH,1882,2023-06-27,DISPUTED_SPLIT_AMBIGUOUS,untestable ratio (|ln m|=0.152 < 0.3),True
5480,LHSW,2626,2026-06-15,AGREED_SPLIT_TESTABLE_AMBIGUOUS,price matches but dollar volume is 8.5x the prior median (crash-like),False
5484,LICY,2114,2024-05-29,AGREED_SPLIT_TESTABLE_AMBIGUOUS,a jump exists (max |ln R|=1.873) that does not match the claim,False
5485,LIDR,2005,2023-12-20,AGREED_SPLIT_TESTABLE_AMBIGUOUS,a jump exists (max |ln R|=3.679) that does not match the claim,False
5488,LIFE,874,2019-06-25,AGREED_SPLIT_TESTABLE_AMBIGUOUS,price matches but dollar volume is 5.8x the prior median (crash-like),False
5493,LILA,2624,2026-06-11,DISPUTED_SPLIT_AMBIGUOUS,untestable ratio (|ln m|=0.095 < 0.3),False
5494,LILAK,2624,2026-06-11,DISPUTED_SPLIT_AMBIGUOUS,untestable ratio (|ln m|=0.095 < 0.3),False
5510,LIPO,2224,2024-11-04,AGREED_SPLIT_TESTABLE_AMBIGUOUS,price matches but dollar volume is 19.5x the prior median (crash-like),False
5511,LIQT,1858,2023-05-22,AGREED_SPLIT_TESTABLE_AMBIGUOUS,price matches but dollar volume is 14.8x the prior median (crash-like),False
5521,LIXT,1863,2023-05-30,AGREED_SPLIT_TESTABLE_AMBIGUOUS,price matches but dollar volume is 17.8x the prior median (crash-like),False
5525,LKCO,1812,2023-03-16,AGREED_SPLIT_TESTABLE_AMBIGUOUS,a jump exists (max |ln R|=3.110) that does not match the claim,False
5525,LKCO,2186,2024-09-11,AGREED_SPLIT_TESTABLE_AMBIGUOUS,a jump exists (max |ln R|=1.924) that does not match the claim,False
5533,LLIT,1208,2020-10-20,DISPUTED_SPLIT_AMBIGUOUS,a jump exists (max |ln R|=2.648) that does not match the claim,False
5549,LMFA,1341,2021-05-03,AGREED_SPLIT_TESTABLE_AMBIGUOUS,price matches but dollar volume is 29.0x the prior median (crash-like),False
5552,LMNL,1778,2023-01-26,AGREED_SPLIT_TESTABLE_AMBIGUOUS,price matches but dollar volume is 23.1x the prior median (crash-like),False
5568,LNKS,2573,2026-03-30,AGREED_SPLIT_TESTABLE_AMBIGUOUS,a jump exists (max |ln R|=5.821) that does not match the claim,False
5592,LONA,2437,2025-09-12,DISPUTED_SPLIT_AMBIGUOUS,price matches but dollar volume is 7.9x the prior median (crash-like),False
5604,LPCN,1848,2023-05-08,AGREED_SPLIT_TESTABLE_AMBIGUOUS,price matches but dollar volume is 13.2x the prior median (crash-like),False
5619,LQR,1987,2023-11-24,AGREED_SPLIT_TESTABLE_AMBIGUOUS,a jump exists (max |ln R|=4.300) that does not match the claim,False
5623,LRHC,2385,2025-06-30,AGREED_SPLIT_TESTABLE_AMBIGUOUS,price matches but dollar volume is 13.5x the prior median (crash-like),False
5623,LRHC,2525,2026-01-20,AGREED_SPLIT_TESTABLE_AMBIGUOUS,price matches but dollar volume is 7.7x the prior median (crash-like),False
5629,LSB,2199,2024-09-30,AGREED_SPLIT_TESTABLE_AMBIGUOUS,a jump exists (max |ln R|=2.014) that does not match the claim,False
5647,LTBR,952,2019-10-15,AGREED_SPLIT_TESTABLE_AMBIGUOUS,a jump exists (max |ln R|=2.569) that does not match the claim,False
5660,LTRY,1909,2023-08-04,AGREED_SPLIT_TESTABLE_AMBIGUOUS,price matches but dollar volume is 13.0x the prior median (crash-like),False
5681,LVLU,2385,2025-06-30,AGREED_SPLIT_TESTABLE_AMBIGUOUS,price matches but dollar volume is 15.3x the prior median (crash-like),False
5705,LYEL,2362,2025-05-27,AGREED_SPLIT_TESTABLE_AMBIGUOUS,price matches but dollar volume is 14.6x the prior median (crash-like),False
5734,MAGN,2220,2024-10-29,DISPUTED_SPLIT_AMBIGUOUS,a jump exists (max |ln R|=2.492) that does not match the claim,False
5751,MARA,816,2019-04-02,AGREED_SPLIT_TESTABLE_AMBIGUOUS,price matches but dollar volume is 20.9x the prior median (crash-like),True
5757,MASK,2559,2026-03-10,AGREED_SPLIT_TESTABLE_AMBIGUOUS,price matches but dollar volume is 20.3x the prior median (crash-like),False
5774,MBAI,2663,2026-08-07,AGREED_SPLIT_TESTABLE_AMBIGUOUS,price matches but dollar volume is 16.4x the prior median (crash-like),False
5778,MBCN,968,2019-11-06,AGREED_SPLIT_TESTABLE_AMBIGUOUS,a jump exists (max |ln R|=0.610) that does not match the claim,False
5788,MBIO,2269,2025-01-10,AGREED_SPLIT_TESTABLE_AMBIGUOUS,a jump exists (max |ln R|=3.727) that does not match the claim,False
5796,MBRX,2064,2024-03-18,AGREED_SPLIT_TESTABLE_AMBIGUOUS,a jump exists (max |ln R|=2.532) that does not match the claim,False
5818,MCC,1144,2020-07-21,AGREED_SPLIT_TESTABLE_AMBIGUOUS,price matches but dollar volume is 10.3x the prior median (crash-like),False
5820,MCEP,1058,2020-03-18,DISPUTED_SPLIT_AMBIGUOUS,a jump exists (max |ln R|=0.239) that does not match the claim,False
5820,MCEP,1071,2020-04-06,AGREED_SPLIT_TESTABLE_AMBIGUOUS,price matches but dollar volume is 5.0x the prior median (crash-like),False
5850,MDC,779,2019-02-07,DISPUTED_SPLIT_AMBIGUOUS,untestable ratio (|ln m|=0.077 < 0.3),True
5850,MDC,1294,2021-02-24,DISPUTED_SPLIT_AMBIGUOUS,untestable ratio (|ln m|=0.077 < 0.3),True
5861,MDLY,1213,2020-10-27,AGREED_SPLIT_TESTABLE_AMBIGUOUS,a jump exists (max |ln R|=2.215) that does not match the claim,False
5867,MDRR,1842,2023-04-28,AGREED_SPLIT_TESTABLE_AMBIGUOUS,price matches but dollar volume is 20.8x the prior median (crash-like),False
5874,MDVL,1902,2023-07-26,AGREED_SPLIT_TESTABLE_AMBIGUOUS,price matches but dollar volume is 16.4x the prior median (crash-like),False
5876,MDWD,1750,2022-12-14,AGREED_SPLIT_TESTABLE_AMBIGUOUS,price matches but dollar volume is 10.3x the prior median (crash-like),False
5893,MEIP,1829,2023-04-11,AGREED_SPLIT_TESTABLE_AMBIGUOUS,a jump exists (max |ln R|=2.897) that does not match the claim,False
5907,METC,2361,2025-05-23,DISPUTED_SPLIT_AMBIGUOUS,untestable ratio (|ln m|=0.009 < 0.3),True
5908,METCB,2239,2024-11-25,DISPUTED_SPLIT_AMBIGUOUS,untestable ratio (|ln m|=0.023 < 0.3),False
5908,METCB,2428,2025-08-29,DISPUTED_SPLIT_AMBIGUOUS,untestable ratio (|ln m|=0.012 < 0.3),False
5908,METCB,2492,2025-12-01,DISPUTED_SPLIT_AMBIGUOUS,untestable ratio (|ln m|=0.014 < 0.3),False
5908,METCB,2558,2026-03-09,DISPUTED_SPLIT_AMBIGUOUS,untestable ratio (|ln m|=0.014 < 0.3),False
5908,METCB,2621,2026-06-08,DISPUTED_SPLIT_AMBIGUOUS,untestable ratio (|ln m|=0.012 < 0.3),False
5908,METCB,2683,2026-09-04,DISPUTED_SPLIT_AMBIGUOUS,untestable ratio (|ln m|=0.025 < 0.3),False
5913,METX,1593,2022-05-02,AGREED_SPLIT_TESTABLE_AMBIGUOUS,a jump exists (max |ln R|=3.034) that does not match the claim,False
5913,METX,1919,2023-08-18,AGREED_SPLIT_TESTABLE_AMBIGUOUS,a jump exists (max |ln R|=2.849) that does not match the claim,False
5920,MFGP,831,2019-04-24,DISPUTED_SPLIT_AMBIGUOUS,untestable ratio (|ln m|=0.187 < 0.3),False
5921,MFH,1097,2020-05-13,DISPUTED_SPLIT_AMBIGUOUS,a jump exists (max |ln R|=0.447) that does not match the claim,False
5921,MFH,1796,2023-02-22,DISPUTED_SPLIT_AMBIGUOUS,untestable ratio (|ln m|=0.105 < 0.3),False
5936,MGEN,1222,2020-11-09,AGREED_SPLIT_TESTABLE_AMBIGUOUS,price matches but dollar volume is 5.4x the prior median (crash-like),False
5969,MI,2078,2024-04-08,AGREED_SPLIT_TESTABLE_AMBIGUOUS,a jump exists (max |ln R|=3.542) that does not match the claim,False
5969,MI,2603,2026-05-12,AGREED_SPLIT_TESTABLE_AMBIGUOUS,price matches but dollar volume is 8.9x the prior median (crash-like),False
5987,MIND,1955,2023-10-10,AGREED_SPLIT_TESTABLE_AMBIGUOUS,price matches but dollar volume is 46.9x the prior median (crash-like),False
5990,MINM,1829,2023-04-11,AGREED_SPLIT_TESTABLE_AMBIGUOUS,price matches but dollar volume is 11.5x the prior median (crash-like),False
6010,MKFG,2188,2024-09-13,AGREED_SPLIT_TESTABLE_AMBIGUOUS,price matches but dollar volume is 5.6x the prior median (crash-like),False
6015,MKTW,2322,2025-03-28,AGREED_SPLIT_TESTABLE_AMBIGUOUS,a jump exists (max |ln R|=2.915) that does not match the claim,False
6019,MKZR,2406,2025-07-30,AGREED_SPLIT_TESTABLE_AMBIGUOUS,price matches but dollar volume is 20.0x the prior median (crash-like),False
6020,ML,1835,2023-04-19,AGREED_SPLIT_TESTABLE_AMBIGUOUS,price matches but dollar volume is 24.6x the prior median (crash-like),False
6028,MLEC,2511,2025-12-29,AGREED_SPLIT_TESTABLE_AMBIGUOUS,price matches but dollar volume is 17.1x the prior median (crash-like),False
6029,MLGO,2064,2024-03-18,AGREED_SPLIT_TESTABLE_AMBIGUOUS,a jump exists (max |ln R|=2.401) that does not match the claim,False
6029,MLGO,2248,2024-12-09,AGREED_SPLIT_TESTABLE_AMBIGUOUS,price matches but dollar volume is 10.4x the prior median (crash-like),False
6033,MLND,1376,2021-06-22,AGREED_SPLIT_TESTABLE_AMBIGUOUS,a jump exists (max |ln R|=0.107) that does not match the claim,False
6046,MMAT,1373,2021-06-17,DISPUTED_SPLIT_AMBIGUOUS,a jump exists (max |ln R|=0.680) that does not match the claim,True
6046,MMAT,2026,2024-01-23,AGREED_SPLIT_TESTABLE_AMBIGUOUS,a jump exists (max |ln R|=4.433) that does not match the claim,True
6052,MMM,2069,2024-03-25,DISPUTED_SPLIT_AMBIGUOUS,untestable ratio (|ln m|=0.179 < 0.3),True
6064,MNDR,2631,2026-06-23,AGREED_SPLIT_TESTABLE_AMBIGUOUS,price matches but dollar volume is 13.4x the prior median (crash-like),False
6067,MNGA,771,2019-01-28,DISPUTED_SPLIT_AMBIGUOUS,price matches but dollar volume is 5.9x the prior median (crash-like),False
6085,MNTS,1919,2023-08-18,AGREED_SPLIT_TESTABLE_AMBIGUOUS,a jump exists (max |ln R|=3.684) that does not match the claim,False
6100,MODD,2570,2026-03-25,AGREED_SPLIT_TESTABLE_AMBIGUOUS,price matches but dollar volume is 6.9x the prior median (crash-like),False
6107,MOGO,1911,2023-08-08,AGREED_SPLIT_TESTABLE_AMBIGUOUS,a jump exists (max |ln R|=1.007) that does not match the claim,False
6116,MOSY,915,2019-08-22,DISPUTED_SPLIT_AMBIGUOUS,a jump exists (max |ln R|=2.908) that does not match the claim,False
6118,MOTS,1647,2022-07-20,AGREED_SPLIT_TESTABLE_AMBIGUOUS,price matches but dollar volume is 13.2x the prior median (crash-like),False
6118,MOTS,1968,2023-10-27,AGREED_SPLIT_TESTABLE_AMBIGUOUS,price matches but dollar volume is 7.7x the prior median (crash-like),False
6121,MOVE,2216,2024-10-23,AGREED_SPLIT_TESTABLE_AMBIGUOUS,price matches but dollar volume is 35.9x the prior median (crash-like),False
6121,MOVE,2453,2025-10-06,AGREED_SPLIT_TESTABLE_AMBIGUOUS,price matches but dollar volume is 7.2x the prior median (crash-like),False
6121,MOVE,2574,2026-03-31,AGREED_SPLIT_TESTABLE_AMBIGUOUS,a jump exists (max |ln R|=0.129) that does not match the claim,False
6122,MOXC,825,2019-04-15,AGREED_SPLIT_TESTABLE_AMBIGUOUS,price matches but dollar volume is 10.7x the prior median (crash-like),True
6130,MPLN,2190,2024-09-17,AGREED_SPLIT_TESTABLE_AMBIGUOUS,price matches but dollar volume is 7.4x the prior median (crash-like),False
6138,MPTI,2304,2025-03-04,DISPUTED_SPLIT_AMBIGUOUS,a jump exists (max |ln R|=0.094) that does not match the claim,False
6139,MPU,1512,2022-01-04,DISPUTED_SPLIT_AMBIGUOUS,a jump exists (max |ln R|=1.502) that does not match the claim,False
6139,MPU,2686,2026-09-10,AGREED_SPLIT_TESTABLE_AMBIGUOUS,price matches but dollar volume is 5.3x the prior median (crash-like),False
6147,MRAI,1880,2023-06-23,AGREED_SPLIT_TESTABLE_AMBIGUOUS,price matches but dollar volume is 6.9x the prior median (crash-like),False
6155,MRDN,2550,2026-02-25,DISPUTED_SPLIT_AMBIGUOUS,a jump exists (max |ln R|=2.257) that does not match the claim,False
6157,MRIN,2079,2024-04-09,AGREED_SPLIT_TESTABLE_AMBIGUOUS,price matches but dollar volume is 18.0x the prior median (crash-like),False
6192,MSGM,1723,2022-11-04,AGREED_SPLIT_TESTABLE_AMBIGUOUS,a jump exists (max |ln R|=2.582) that does not match the claim,False
6195,MSGY,2661,2026-08-05,AGREED_SPLIT_TESTABLE_AMBIGUOUS,a jump exists (max |ln R|=2.252) that does not match the claim,False
6206,MSPR,2425,2025-08-26,AGREED_SPLIT_TESTABLE_AMBIGUOUS,price matches but dollar volume is 5.5x the prior median (crash-like),False
6207,MSS,2647,2026-07-16,AGREED_SPLIT_TESTABLE_AMBIGUOUS,price matches but dollar volume is 21.1x the prior median (crash-like),False
6219,MTC,1638,2022-07-07,AGREED_SPLIT_TESTABLE_AMBIGUOUS,price matches but dollar volume is 10.4x the prior median (crash-like),False
6227,MTEN,2525,2026-01-20,AGREED_SPLIT_TESTABLE_AMBIGUOUS,a jump exists (max |ln R|=4.887) that does not match the claim,False
6234,MTNB,2176,2024-08-27,AGREED_SPLIT_TESTABLE_AMBIGUOUS,price matches but dollar volume is 6.1x the prior median (crash-like),False
6247,MTVA,2492,2025-12-01,AGREED_SPLIT_TESTABLE_AMBIGUOUS,price matches but dollar volume is 51.7x the prior median (crash-like),False
6256,MULN,2002,2023-12-15,AGREED_SPLIT_TESTABLE_AMBIGUOUS,price matches but dollar volume is 37.7x the prior median (crash-like),False
6256,MULN,2328,2025-04-07,AGREED_SPLIT_TESTABLE_AMBIGUOUS,a jump exists (max |ln R|=4.037) that does not match the claim,False
6256,MULN,2362,2025-05-27,AGREED_SPLIT_TESTABLE_AMBIGUOUS,a jump exists (max |ln R|=4.147) that does not match the claim,False
6290,MYMD,2039,2024-02-09,AGREED_SPLIT_TESTABLE_AMBIGUOUS,a jump exists (max |ln R|=3.279) that does not match the claim,False
6292,MYO,1022,2020-01-27,AGREED_SPLIT_TESTABLE_AMBIGUOUS,a jump exists (max |ln R|=3.254) that does not match the claim,False
6294,MYOS,1225,2020-11-12,AGREED_SPLIT_TESTABLE_AMBIGUOUS,a jump exists (max |ln R|=0.073) that does not match the claim,False
6299,MYSZ,973,2019-11-13,DISPUTED_SPLIT_AMBIGUOUS,a jump exists (max |ln R|=2.577) that does not match the claim,False
6299,MYSZ,1743,2022-12-05,AGREED_SPLIT_TESTABLE_AMBIGUOUS,price matches but dollar volume is 59.3x the prior median (crash-like),False
6299,MYSZ,2085,2024-04-17,AGREED_SPLIT_TESTABLE_AMBIGUOUS,price matches but dollar volume is 96.6x the prior median (crash-like),False
6299,MYSZ,2663,2026-08-07,AGREED_SPLIT_TESTABLE_AMBIGUOUS,price matches but dollar volume is 69.2x the prior median (crash-like),False
6300,MYT,1167,2020-08-21,DISPUTED_SPLIT_AMBIGUOUS,a jump exists (max |ln R|=2.476) that does not match the claim,False
6305,NA,2220,2024-10-29,AGREED_SPLIT_TESTABLE_AMBIGUOUS,a jump exists (max |ln R|=2.157) that does not match the claim,False
6313,NAKD,995,2019-12-16,AGREED_SPLIT_TESTABLE_AMBIGUOUS,a jump exists (max |ln R|=4.360) that does not match the claim,False
6313,NAKD,1500,2021-12-16,AGREED_SPLIT_TESTABLE_AMBIGUOUS,a jump exists (max |ln R|=2.510) that does not match the claim,False
6318,NAO,767,2019-01-22,DISPUTED_SPLIT_AMBIGUOUS,price matches but dollar volume is 5.3x the prior median (crash-like),False
6319,NAOV,1784,2023-02-03,AGREED_SPLIT_TESTABLE_AMBIGUOUS,price matches but dollar volume is 7.4x the prior median (crash-like),False
6319,NAOV,2308,2025-03-10,AGREED_SPLIT_TESTABLE_AMBIGUOUS,a jump exists (max |ln R|=2.090) that does not match the claim,False
6336,NAYA,2310,2025-03-12,AGREED_SPLIT_TESTABLE_AMBIGUOUS,price matches but dollar volume is 14.8x the prior median (crash-like),False
6350,NBRV,1684,2022-09-12,AGREED_SPLIT_TESTABLE_AMBIGUOUS,a jump exists (max |ln R|=3.068) that does not match the claim,False
6351,NBSE,1871,2023-06-09,AGREED_SPLIT_TESTABLE_AMBIGUOUS,price matches but dollar volume is 10.1x the prior median (crash-like),False
6354,NBY,1727,2022-11-10,AGREED_SPLIT_TESTABLE_AMBIGUOUS,a jump exists (max |ln R|=3.471) that does not match the claim,False
6359,NCEW,2478,2025-11-10,AGREED_SPLIT_TESTABLE_AMBIGUOUS,a jump exists (max |ln R|=1.996) that does not match the claim,False
6361,NCI,2372,2025-06-10,AGREED_SPLIT_TESTABLE_AMBIGUOUS,a jump exists (max |ln R|=1.823) that does not match the claim,False
6373,NCRA,1659,2022-08-05,AGREED_SPLIT_TESTABLE_AMBIGUOUS,a jump exists (max |ln R|=0.143) that does not match the claim,False
6377,NCT,2572,2026-03-27,AGREED_SPLIT_TESTABLE_AMBIGUOUS,price matches but dollar volume is 87.3x the prior median (crash-like),False
6381,NDRA,1743,2022-12-05,AGREED_SPLIT_TESTABLE_AMBIGUOUS,price matches but dollar volume is 6.9x the prior median (crash-like),False
6381,NDRA,2167,2024-08-14,AGREED_SPLIT_TESTABLE_AMBIGUOUS,a jump exists (max |ln R|=3.421) that does not match the claim,False
6391,NEGG,1208,2020-10-20,DISPUTED_SPLIT_AMBIGUOUS,a jump exists (max |ln R|=2.648) that does not match the claim,True
6403,NEPT,1618,2022-06-07,AGREED_SPLIT_TESTABLE_AMBIGUOUS,a jump exists (max |ln R|=3.423) that does not match the claim,False
6403,NEPT,1929,2023-09-01,AGREED_SPLIT_TESTABLE_AMBIGUOUS,a jump exists (max |ln R|=3.616) that does not match the claim,False
6404,NERV,1623,2022-06-14,AGREED_SPLIT_TESTABLE_AMBIGUOUS,a jump exists (max |ln R|=1.972) that does not match the claim,False
6433,NEXI,1958,2023-10-13,AGREED_SPLIT_TESTABLE_AMBIGUOUS,price matches but dollar volume is 8.2x the prior median (crash-like),False
6436,NEXR,2654,2026-07-27,AGREED_SPLIT_TESTABLE_AMBIGUOUS,a jump exists (max |ln R|=2.249) that does not match the claim,False
6440,NFE,2684,2026-09-08,AGREED_SPLIT_TESTABLE_AMBIGUOUS,price matches but dollar volume is 19.1x the prior median (crash-like),True
6463,NGNE,1940,2023-09-19,DISPUTED_SPLIT_AMBIGUOUS,a jump exists (max |ln R|=1.531) that does not match the claim,False
6467,NH,1748,2022-12-12,AGREED_SPLIT_TESTABLE_AMBIGUOUS,a jump exists (max |ln R|=2.198) that does not match the claim,False
6489,NITO,2439,2025-09-16,AGREED_SPLIT_TESTABLE_AMBIGUOUS,price matches but dollar volume is 6.6x the prior median (crash-like),False
6490,NIVF,2343,2025-04-29,AGREED_SPLIT_TESTABLE_AMBIGUOUS,price matches but dollar volume is 27.6x the prior median (crash-like),False
6490,NIVF,2405,2025-07-29,AGREED_SPLIT_TESTABLE_AMBIGUOUS,price matches but dollar volume is 6.4x the prior median (crash-like),False
6490,NIVF,2525,2026-01-20,AGREED_SPLIT_TESTABLE_AMBIGUOUS,price matches but dollar volume is 82.5x the prior median (crash-like),False
6490,NIVF,2559,2026-03-10,AGREED_SPLIT_TESTABLE_AMBIGUOUS,price matches but dollar volume is 6.2x the prior median (crash-like),False
6490,NIVF,2635,2026-06-29,AGREED_SPLIT_TESTABLE_AMBIGUOUS,price matches but dollar volume is 8.3x the prior median (crash-like),False
6501,NKTR,2367,2025-06-03,AGREED_SPLIT_TESTABLE_AMBIGUOUS,price matches but dollar volume is 5.4x the prior median (crash-like),True
6505,NLNK,1055,2020-03-13,AGREED_SPLIT_TESTABLE_AMBIGUOUS,a jump exists (max |ln R|=0.187) that does not match the claim,False
6506,NLOP,1998,2023-12-11,DISPUTED_SPLIT_AMBIGUOUS,untestable ratio (|ln m|=0.014 < 0.3),False
6509,NLSP,2194,2024-09-23,AGREED_SPLIT_TESTABLE_AMBIGUOUS,price matches but dollar volume is 24.5x the prior median (crash-like),False
6509,NLSP,2468,2025-10-27,AGREED_SPLIT_TESTABLE_AMBIGUOUS,a jump exists (max |ln R|=0.101) that does not match the claim,False
6520,NMHI,2233,2024-11-15,AGREED_SPLIT_TESTABLE_AMBIGUOUS,a jump exists (max |ln R|=3.280) that does not match the claim,False
6527,NMRD,984,2019-11-29,AGREED_SPLIT_TESTABLE_AMBIGUOUS,a jump exists (max |ln R|=2.120) that does not match the claim,False
6530,NMTC,2581,2026-04-10,AGREED_SPLIT_TESTABLE_AMBIGUOUS,price matches but dollar volume is 5.2x the prior median (crash-like),False
6531,NMTR,1706,2022-10-12,AGREED_SPLIT_TESTABLE_AMBIGUOUS,price matches but dollar volume is 6.7x the prior median (crash-like),False
6548,NOGN,1817,2023-03-23,AGREED_SPLIT_TESTABLE_AMBIGUOUS,price matches but dollar volume is 16.1x the prior median (crash-like),False
6555,NOVN,1354,2021-05-20,AGREED_SPLIT_TESTABLE_AMBIGUOUS,price matches but dollar volume is 10.1x the prior median (crash-like),False
6584,NRBO,1681,2022-09-07,AGREED_SPLIT_TESTABLE_AMBIGUOUS,price matches but dollar volume is 17387.0x the prior median (crash-like),False
6584,NRBO,2002,2023-12-15,AGREED_SPLIT_TESTABLE_AMBIGUOUS,price matches but dollar volume is 5.4x the prior median (crash-like),False
6617,NSPR,811,2019-03-26,AGREED_SPLIT_TESTABLE_AMBIGUOUS,price matches but dollar volume is 16.6x the prior median (crash-like),False
6617,NSPR,1333,2021-04-21,AGREED_SPLIT_TESTABLE_AMBIGUOUS,a jump exists (max |ln R|=2.507) that does not match the claim,False
6634,NTEC,1212,2020-10-26,AGREED_SPLIT_TESTABLE_AMBIGUOUS,a jump exists (max |ln R|=2.891) that does not match the claim,False
6649,NTRP,1939,2023-09-18,DISPUTED_SPLIT_AMBIGUOUS,price matches but dollar volume is 34.3x the prior median (crash-like),False
6663,NUKK,2213,2024-10-18,AGREED_SPLIT_TESTABLE_AMBIGUOUS,a jump exists (max |ln R|=2.283) that does not match the claim,False
6665,NURO,973,2019-11-13,AGREED_SPLIT_TESTABLE_AMBIGUOUS,price matches but dollar volume is 54.5x the prior median (crash-like),False
6665,NURO,1982,2023-11-16,AGREED_SPLIT_TESTABLE_AMBIGUOUS,price matches but dollar volume is 7.1x the prior median (crash-like),False
6669,NUTX,2076,2024-04-04,AGREED_SPLIT_TESTABLE_AMBIGUOUS,a jump exists (max |ln R|=2.806) that does not match the claim,False
6674,NUWE,751,2018-12-27,DISPUTED_SPLIT_AMBIGUOUS,price matches but dollar volume is 12.2x the prior median (crash-like),False
6674,NUWE,2131,2024-06-24,AGREED_SPLIT_TESTABLE_AMBIGUOUS,price matches but dollar volume is 16.2x the prior median (crash-like),False
6674,NUWE,2630,2026-06-22,AGREED_SPLIT_TESTABLE_AMBIGUOUS,price matches but dollar volume is 7.4x the prior median (crash-like),False
6675,NUZE,1756,2022-12-22,AGREED_SPLIT_TESTABLE_AMBIGUOUS,price matches but dollar volume is 24.6x the prior median (crash-like),False
6678,NVAX,839,2019-05-06,AGREED_SPLIT_TESTABLE_AMBIGUOUS,a jump exists (max |ln R|=2.879) that does not match the claim,True
6679,NVCN,875,2019-06-26,AGREED_SPLIT_TESTABLE_AMBIGUOUS,a jump exists (max |ln R|=2.202) that does not match the claim,False
6679,NVCN,1588,2022-04-25,AGREED_SPLIT_TESTABLE_AMBIGUOUS,price matches but dollar volume is 21.5x the prior median (crash-like),False
6687,NVFY,996,2019-12-17,AGREED_SPLIT_TESTABLE_AMBIGUOUS,a jump exists (max |ln R|=1.490) that does not match the claim,False
6687,NVFY,1856,2023-05-18,AGREED_SPLIT_TESTABLE_AMBIGUOUS,price matches but dollar volume is 352.6x the prior median (crash-like),False
6689,NVIV,1030,2020-02-06,AGREED_SPLIT_TESTABLE_AMBIGUOUS,price matches but dollar volume is 9.6x the prior median (crash-like),False
6689,NVIV,1586,2022-04-21,AGREED_SPLIT_TESTABLE_AMBIGUOUS,a jump exists (max |ln R|=3.042) that does not match the claim,False
6695,NVNO,2521,2026-01-13,AGREED_SPLIT_TESTABLE_AMBIGUOUS,price matches but dollar volume is 7.1x the prior median (crash-like),False
6707,NVVE,2021,2024-01-16,AGREED_SPLIT_TESTABLE_AMBIGUOUS,a jump exists (max |ln R|=3.462) that does not match the claim,False
6707,NVVE,2186,2024-09-11,AGREED_SPLIT_TESTABLE_AMBIGUOUS,a jump exists (max |ln R|=2.123) that does not match the claim,False
6707,NVVE,2635,2026-06-29,AGREED_SPLIT_TESTABLE_AMBIGUOUS,price matches but dollar volume is 24.3x the prior median (crash-like),False
6722,NWTG,2309,2025-03-11,DISPUTED_SPLIT_AMBIGUOUS,a jump exists (max |ln R|=3.025) that does not match the claim,False
6734,NXL,2675,2026-08-25,AGREED_SPLIT_TESTABLE_AMBIGUOUS,a jump exists (max |ln R|=3.224) that does not match the claim,False
6741,NXTD,1454,2021-10-12,AGREED_SPLIT_TESTABLE_AMBIGUOUS,a jump exists (max |ln R|=2.183) that does not match the claim,False
6744,NXTS,2575,2026-04-01,AGREED_SPLIT_TESTABLE_AMBIGUOUS,price matches but dollar volume is 14.9x the prior median (crash-like),False
6745,NXTT,2660,2026-08-04,AGREED_SPLIT_TESTABLE_AMBIGUOUS,price matches but dollar volume is 8.3x the prior median (crash-like),False
6746,NXU,2005,2023-12-20,AGREED_SPLIT_TESTABLE_AMBIGUOUS,price matches but dollar volume is 13.1x the prior median (crash-like),False
6751,NYCB,2140,2024-07-08,AGREED_SPLIT_TESTABLE_AMBIGUOUS,a jump exists (max |ln R|=1.174) that does not match the claim,True
6786,OBLG,1759,2022-12-28,AGREED_SPLIT_TESTABLE_AMBIGUOUS,a jump exists (max |ln R|=2.875) that does not match the claim,False
6786,OBLG,2171,2024-08-20,AGREED_SPLIT_TESTABLE_AMBIGUOUS,a jump exists (max |ln R|=3.522) that does not match the claim,False
6797,OCCI,1555,2022-03-08,DISPUTED_SPLIT_AMBIGUOUS,untestable ratio (|ln m|=0.044 < 0.3),False
6797,OCCI,1617,2022-06-06,DISPUTED_SPLIT_AMBIGUOUS,untestable ratio (|ln m|=0.058 < 0.3),False
6802,OCG,1957,2023-10-12,AGREED_SPLIT_TESTABLE_AMBIGUOUS,price matches but dollar volume is 10.2x the prior median (crash-like),False
6802,OCG,2520,2026-01-12,AGREED_SPLIT_TESTABLE_AMBIGUOUS,price matches but dollar volume is 5.2x the prior median (crash-like),False
6802,OCG,2588,2026-04-21,AGREED_SPLIT_TESTABLE_AMBIGUOUS,a jump exists (max |ln R|=0.963) that does not match the claim,False
6813,OCTO,2165,2024-08-12,AGREED_SPLIT_TESTABLE_AMBIGUOUS,price matches but dollar volume is 10.2x the prior median (crash-like),False
6817,OCX,1897,2023-07-19,AGREED_SPLIT_TESTABLE_AMBIGUOUS,price matches but dollar volume is 9.8x the prior median (crash-like),False
6821,ODP,1127,2020-06-25,AGREED_SPLIT_TESTABLE_AMBIGUOUS,a jump exists (max |ln R|=2.188) that does not match the claim,False
6828,OESX,2419,2025-08-18,AGREED_SPLIT_TESTABLE_AMBIGUOUS,price matches but dollar volume is 6.2x the prior median (crash-like),False
6841,OGEN,1771,2023-01-17,AGREED_SPLIT_TESTABLE_AMBIGUOUS,price matches but dollar volume is 7.0x the prior median (crash-like),False
6841,OGEN,2363,2025-05-28,AGREED_SPLIT_TESTABLE_AMBIGUOUS,price matches but dollar volume is 95.4x the prior median (crash-like),False
6853,OHRP,772,2019-01-29,DISPUTED_SPLIT_AMBIGUOUS,price matches but dollar volume is 18.4x the prior median (crash-like),False
6867,OKUR,2200,2024-10-01,DISPUTED_SPLIT_AMBIGUOUS,a jump exists (max |ln R|=2.397) that does not match the claim,False
6869,OLB,2094,2024-04-30,AGREED_SPLIT_TESTABLE_AMBIGUOUS,price matches but dollar volume is 11.3x the prior median (crash-like),False
6878,OLOX,2429,2025-09-02,DISPUTED_SPLIT_AMBIGUOUS,a jump exists (max |ln R|=4.052) that does not match the claim,False
6878,OLOX,2597,2026-05-04,AGREED_SPLIT_TESTABLE_AMBIGUOUS,price matches but dollar volume is 5.3x the prior median (crash-like),False
6881,OM,2312,2025-03-14,AGREED_SPLIT_TESTABLE_AMBIGUOUS,price matches but dollar volume is 7.4x the prior median (crash-like),False
6897,OMIC,2129,2024-06-20,AGREED_SPLIT_TESTABLE_AMBIGUOUS,price matches but dollar volume is 9.7x the prior median (crash-like),False
6908,ONCO,2191,2024-09-18,AGREED_SPLIT_TESTABLE_AMBIGUOUS,price matches but dollar volume is 81.1x the prior median (crash-like),False
6908,ONCO,2566,2026-03-19,AGREED_SPLIT_TESTABLE_AMBIGUOUS,price matches but dollar volume is 10.2x the prior median (crash-like),False
6910,ONCS,846,2019-05-15,AGREED_SPLIT_TESTABLE_AMBIGUOUS,a jump exists (max |ln R|=2.451) that does not match the claim,False
6910,ONCS,1722,2022-11-03,AGREED_SPLIT_TESTABLE_AMBIGUOUS,a jump exists (max |ln R|=2.938) that does not match the claim,False
6919,ONFO,2660,2026-08-04,AGREED_SPLIT_TESTABLE_AMBIGUOUS,price matches but dollar volume is 9.8x the prior median (crash-like),False
6933,OP,1752,2022-12-16,AGREED_SPLIT_TESTABLE_AMBIGUOUS,a jump exists (max |ln R|=2.513) that does not match the claim,False
6940,OPEN,2480,2025-11-12,DISPUTED_SPLIT_AMBIGUOUS,untestable ratio (|ln m|=0.033 < 0.3),True
6943,OPGN,916,2019-08-23,AGREED_SPLIT_TESTABLE_AMBIGUOUS,price matches but dollar volume is 16.2x the prior median (crash-like),False
6943,OPGN,1760,2022-12-29,AGREED_SPLIT_TESTABLE_AMBIGUOUS,a jump exists (max |ln R|=2.860) that does not match the claim,False
6957,OPTT,797,2019-03-06,AGREED_SPLIT_TESTABLE_AMBIGUOUS,a jump exists (max |ln R|=3.186) that does not match the claim,False
6973,ORGN,2563,2026-03-16,AGREED_SPLIT_TESTABLE_AMBIGUOUS,price matches but dollar volume is 6.2x the prior median (crash-like),False
6975,ORGS,2192,2024-09-19,AGREED_SPLIT_TESTABLE_AMBIGUOUS,price matches but dollar volume is 6.4x the prior median (crash-like),False
6982,ORIS,2508,2025-12-23,AGREED_SPLIT_TESTABLE_AMBIGUOUS,price matches but dollar volume is 15.8x the prior median (crash-like),False
6982,ORIS,2626,2026-06-15,AGREED_SPLIT_TESTABLE_AMBIGUOUS,price matches but dollar volume is 20.5x the prior median (crash-like),False
6984,ORKA,2176,2024-08-27,DISPUTED_SPLIT_AMBIGUOUS,a jump exists (max |ln R|=2.363) that does not match the claim,True
6985,ORKT,2444,2025-09-23,AGREED_SPLIT_TESTABLE_AMBIGUOUS,a jump exists (max |ln R|=1.504) that does not match the claim,False
6991,ORPN,793,2019-02-28,AGREED_SPLIT_TESTABLE_AMBIGUOUS,price matches but dollar volume is 17.7x the prior median (crash-like),False
7014,OST,2259,2024-12-24,AGREED_SPLIT_TESTABLE_AMBIGUOUS,price matches but dollar volume is 23.6x the prior median (crash-like),False
7015,OSTK,1036,2020-02-14,DISPUTED_SPLIT_AMBIGUOUS,untestable ratio (|ln m|=0.095 < 0.3),True
7015,OSTK,1080,2020-04-20,DISPUTED_SPLIT_AMBIGUOUS,untestable ratio (|ln m|=0.095 < 0.3),True
7030,OTLK,2058,2024-03-08,AGREED_SPLIT_TESTABLE_AMBIGUOUS,price matches but dollar volume is 6.4x the prior median (crash-like),False
7031,OTMO,1905,2023-07-31,AGREED_SPLIT_TESTABLE_AMBIGUOUS,price matches but dollar volume is 16.0x the prior median (crash-like),False
7033,OTRK,1900,2023-07-24,AGREED_SPLIT_TESTABLE_AMBIGUOUS,price matches but dollar volume is 12.7x the prior median (crash-like),True
7033,OTRK,2190,2024-09-17,AGREED_SPLIT_TESTABLE_AMBIGUOUS,price matches but dollar volume is 106.9x the prior median (crash-like),True
7037,OUT,2229,2024-11-11,DISPUTED_SPLIT_AMBIGUOUS,untestable ratio (|ln m|=0.040 < 0.3),True
7095,PALI,886,2019-07-12,DISPUTED_SPLIT_AMBIGUOUS,price matches but dollar volume is 115.9x the prior median (crash-like),False
7095,PALI,1727,2022-11-10,AGREED_SPLIT_TESTABLE_AMBIGUOUS,price matches but dollar volume is 6.6x the prior median (crash-like),False
7095,PALI,2074,2024-04-02,AGREED_SPLIT_TESTABLE_AMBIGUOUS,price matches but dollar volume is 113.4x the prior median (crash-like),False
7112,PASG,2390,2025-07-08,AGREED_SPLIT_TESTABLE_AMBIGUOUS,price matches but dollar volume is 6.5x the prior median (crash-like),False
7118,PAVS,1701,2022-10-05,DISPUTED_SPLIT_AMBIGUOUS,a jump exists (max |ln R|=2.769) that does not match the claim,False
7118,PAVS,2501,2025-12-12,AGREED_SPLIT_TESTABLE_AMBIGUOUS,a jump exists (max |ln R|=4.950) that does not match the claim,False
7118,PAVS,2570,2026-03-25,AGREED_SPLIT_TESTABLE_AMBIGUOUS,price matches but dollar volume is 8.5x the prior median (crash-like),False
7142,PBLA,1861,2023-05-25,AGREED_SPLIT_TESTABLE_AMBIGUOUS,price matches but dollar volume is 9.2x the prior median (crash-like),False
7144,PBM,2343,2025-04-29,AGREED_SPLIT_TESTABLE_AMBIGUOUS,price matches but dollar volume is 20.6x the prior median (crash-like),False
7144,PBM,2530,2026-01-27,AGREED_SPLIT_TESTABLE_AMBIGUOUS,price matches but dollar volume is 84.1x the prior median (crash-like),False
7149,PBTS,1867,2023-06-05,AGREED_SPLIT_TESTABLE_AMBIGUOUS,a jump exists (max |ln R|=3.235) that does not match the claim,False
7149,PBTS,1939,2023-09-18,AGREED_SPLIT_TESTABLE_AMBIGUOUS,a jump exists (max |ln R|=1.744) that does not match the claim,False
7151,PC,2396,2025-07-16,AGREED_SPLIT_TESTABLE_AMBIGUOUS,price matches but dollar volume is 14.9x the prior median (crash-like),False
7166,PCSA,2021,2024-01-16,AGREED_SPLIT_TESTABLE_AMBIGUOUS,price matches but dollar volume is 13.4x the prior median (crash-like),False
7166,PCSA,2500,2025-12-11,AGREED_SPLIT_TESTABLE_AMBIGUOUS,a jump exists (max |ln R|=3.328) that does not match the claim,False
7200,PED,2558,2026-03-09,AGREED_SPLIT_TESTABLE_AMBIGUOUS,price matches but dollar volume is 5.4x the prior median (crash-like),False
7205,PEGY,2208,2024-10-11,AGREED_SPLIT_TESTABLE_AMBIGUOUS,price matches but dollar volume is 13.0x the prior median (crash-like),False
7206,PEI,1621,2022-06-10,AGREED_SPLIT_TESTABLE_AMBIGUOUS,price matches but dollar volume is 48.9x the prior median (crash-like),False
7247,PFSA,2665,2026-08-11,AGREED_SPLIT_TESTABLE_AMBIGUOUS,a jump exists (max |ln R|=1.512) that does not match the claim,False
7274,PHCF,1746,2022-12-08,AGREED_SPLIT_TESTABLE_AMBIGUOUS,a jump exists (max |ln R|=1.512) that does not match the claim,False
7275,PHG,840,2019-05-07,DISPUTED_SPLIT_AMBIGUOUS,untestable ratio (|ln m|=0.024 < 0.3),True
7275,PHG,1126,2020-06-24,DISPUTED_SPLIT_AMBIGUOUS,untestable ratio (|ln m|=0.020 < 0.3),True
7275,PHG,1342,2021-05-04,DISPUTED_SPLIT_AMBIGUOUS,untestable ratio (|ln m|=0.018 < 0.3),True
7275,PHG,1597,2022-05-06,DISPUTED_SPLIT_AMBIGUOUS,untestable ratio (|ln m|=0.036 < 0.3),True
7275,PHG,1847,2023-05-05,DISPUTED_SPLIT_AMBIGUOUS,untestable ratio (|ln m|=0.044 < 0.3),True
7275,PHG,2097,2024-05-03,DISPUTED_SPLIT_AMBIGUOUS,untestable ratio (|ln m|=0.034 < 0.3),True
7275,PHG,2349,2025-05-07,DISPUTED_SPLIT_AMBIGUOUS,untestable ratio (|ln m|=0.041 < 0.3),True
7275,PHG,2600,2026-05-07,DISPUTED_SPLIT_AMBIGUOUS,untestable ratio (|ln m|=0.036 < 0.3),True
7276,PHGE,2681,2026-09-02,DISPUTED_SPLIT_AMBIGUOUS,price matches but dollar volume is 9.1x the prior median (crash-like),False
7283,PHIO,1011,2020-01-09,AGREED_SPLIT_TESTABLE_AMBIGUOUS,a jump exists (max |ln R|=3.883) that does not match the claim,False
7283,PHIO,1774,2023-01-20,AGREED_SPLIT_TESTABLE_AMBIGUOUS,a jump exists (max |ln R|=2.633) that does not match the claim,False
7283,PHIO,2135,2024-06-28,AGREED_SPLIT_TESTABLE_AMBIGUOUS,price matches but dollar volume is 10.3x the prior median (crash-like),False
7302,PIII,2329,2025-04-08,AGREED_SPLIT_TESTABLE_AMBIGUOUS,price matches but dollar volume is 10.8x the prior median (crash-like),False
7303,PIK,2053,2024-03-01,AGREED_SPLIT_TESTABLE_AMBIGUOUS,price matches but dollar volume is 1193.9x the prior median (crash-like),False
7311,PIR,867,2019-06-14,AGREED_SPLIT_TESTABLE_AMBIGUOUS,a jump exists (max |ln R|=2.867) that does not match the claim,False
7312,PIRS,2085,2024-04-17,AGREED_SPLIT_TESTABLE_AMBIGUOUS,price matches but dollar volume is 17.7x the prior median (crash-like),False
7314,PIXY,1674,2022-08-26,AGREED_SPLIT_TESTABLE_AMBIGUOUS,price matches but dollar volume is 154.7x the prior median (crash-like),False
7314,PIXY,1955,2023-10-10,AGREED_SPLIT_TESTABLE_AMBIGUOUS,a jump exists (max |ln R|=3.041) that does not match the claim,False
7314,PIXY,2205,2024-10-08,AGREED_SPLIT_TESTABLE_AMBIGUOUS,price matches but dollar volume is 11.4x the prior median (crash-like),False
7317,PKBK,1032,2020-02-10,DISPUTED_SPLIT_AMBIGUOUS,untestable ratio (|ln m|=0.095 < 0.3),False
7328,PLAG,2113,2024-05-28,AGREED_SPLIT_TESTABLE_AMBIGUOUS,a jump exists (max |ln R|=1.933) that does not match the claim,False
7343,PLM,1166,2020-08-20,AGREED_SPLIT_TESTABLE_AMBIGUOUS,a jump exists (max |ln R|=2.158) that does not match the claim,False
7362,PLUR,2069,2024-03-25,AGREED_SPLIT_TESTABLE_AMBIGUOUS,a jump exists (max |ln R|=1.956) that does not match the claim,False
7373,PMAX,2449,2025-09-30,AGREED_SPLIT_TESTABLE_AMBIGUOUS,price matches but dollar volume is 13.5x the prior median (crash-like),False
7377,PMD,2241,2024-11-27,DISPUTED_SPLIT_AMBIGUOUS,a jump exists (max |ln R|=0.146) that does not match the claim,False
7411,POAI,958,2019-10-23,AGREED_SPLIT_TESTABLE_AMBIGUOUS,a jump exists (max |ln R|=2.164) that does not match the claim,False
7411,POAI,2445,2025-09-24,AGREED_SPLIT_TESTABLE_AMBIGUOUS,a jump exists (max |ln R|=2.555) that does not match the claim,False
7417,POL,1959,2023-10-16,AGREED_SPLIT_TESTABLE_AMBIGUOUS,a jump exists (max |ln R|=3.698) that does not match the claim,False
7418,POLA,2231,2024-11-13,AGREED_SPLIT_TESTABLE_AMBIGUOUS,price matches but dollar volume is 7.9x the prior median (crash-like),False
7435,PPCB,2603,2026-05-12,AGREED_SPLIT_TESTABLE_AMBIGUOUS,price matches but dollar volume is 7.3x the prior median (crash-like),False
7457,PRAX,1986,2023-11-22,AGREED_SPLIT_TESTABLE_AMBIGUOUS,price matches but dollar volume is 5.9x the prior median (crash-like),True
7464,PRE,1976,2023-11-08,AGREED_SPLIT_TESTABLE_AMBIGUOUS,a jump exists (max |ln R|=2.530) that does not match the claim,False
7466,PRFX,1882,2023-06-27,AGREED_SPLIT_TESTABLE_AMBIGUOUS,a jump exists (max |ln R|=2.517) that does not match the claim,False
7466,PRFX,2180,2024-09-03,AGREED_SPLIT_TESTABLE_AMBIGUOUS,price matches but dollar volume is 10.3x the prior median (crash-like),False
7466,PRFX,2233,2024-11-15,AGREED_SPLIT_TESTABLE_AMBIGUOUS,a jump exists (max |ln R|=1.158) that does not match the claim,False
7472,PRHI,2613,2026-05-27,AGREED_SPLIT_TESTABLE_AMBIGUOUS,price matches but dollar volume is 41.2x the prior median (crash-like),False
7497,PRPH,2503,2025-12-16,AGREED_SPLIT_TESTABLE_AMBIGUOUS,a jump exists (max |ln R|=2.534) that does not match the claim,False
7499,PRPO,830,2019-04-23,AGREED_SPLIT_TESTABLE_AMBIGUOUS,a jump exists (max |ln R|=2.930) that does not match the claim,False
7499,PRPO,1939,2023-09-18,AGREED_SPLIT_TESTABLE_AMBIGUOUS,price matches but dollar volume is 30.2x the prior median (crash-like),False
7502,PRSO,915,2019-08-22,DISPUTED_SPLIT_AMBIGUOUS,a jump exists (max |ln R|=2.908) that does not match the claim,False
7502,PRSO,2009,2023-12-27,AGREED_SPLIT_TESTABLE_AMBIGUOUS,a jump exists (max |ln R|=3.501) that does not match the claim,False
7504,PRSR,2003,2023-12-18,DISPUTED_SPLIT_AMBIGUOUS,a jump exists (max |ln R|=0.149) that does not match the claim,False
7509,PRTG,2164,2024-08-09,AGREED_SPLIT_TESTABLE_AMBIGUOUS,price matches but dollar volume is 190.8x the prior median (crash-like),False
7534,PSIG,2454,2025-10-07,AGREED_SPLIT_TESTABLE_AMBIGUOUS,price matches but dollar volume is 173.7x the prior median (crash-like),False
7548,PSTV,899,2019-07-31,AGREED_SPLIT_TESTABLE_AMBIGUOUS,price matches but dollar volume is 7.5x the prior median (crash-like),False
7548,PSTV,1839,2023-04-25,AGREED_SPLIT_TESTABLE_AMBIGUOUS,price matches but dollar volume is 5.6x the prior median (crash-like),False
7550,PSV,767,2019-01-22,DISPUTED_SPLIT_AMBIGUOUS,price matches but dollar volume is 5.3x the prior median (crash-like),False
7557,PTE,1600,2022-05-11,AGREED_SPLIT_TESTABLE_AMBIGUOUS,a jump exists (max |ln R|=2.928) that does not match the claim,False
7563,PTHS,2383,2025-06-26,DISPUTED_SPLIT_AMBIGUOUS,price matches but dollar volume is 12.0x the prior median (crash-like),False
7567,PTIX,1813,2023-03-17,AGREED_SPLIT_TESTABLE_AMBIGUOUS,a jump exists (max |ln R|=1.163) that does not match the claim,False
7567,PTIX,2343,2025-04-29,AGREED_SPLIT_TESTABLE_AMBIGUOUS,price matches but dollar volume is 20.4x the prior median (crash-like),False
7570,PTLE,2548,2026-02-23,AGREED_SPLIT_TESTABLE_AMBIGUOUS,price matches but dollar volume is 5.5x the prior median (crash-like),False
7578,PTPI,1737,2022-11-25,AGREED_SPLIT_TESTABLE_AMBIGUOUS,price matches but dollar volume is 6.2x the prior median (crash-like),False
7578,PTPI,2341,2025-04-25,AGREED_SPLIT_TESTABLE_AMBIGUOUS,price matches but dollar volume is 21.7x the prior median (crash-like),False
7591,PULM,774,2019-01-31,DISPUTED_SPLIT_AMBIGUOUS,price matches but dollar volume is 15.7x the prior median (crash-like),False
7591,PULM,1546,2022-02-23,AGREED_SPLIT_TESTABLE_AMBIGUOUS,price matches but dollar volume is 8.7x the prior median (crash-like),False
7607,PW,2614,2026-05-28,AGREED_SPLIT_TESTABLE_AMBIGUOUS,price matches but dollar volume is 7.0x the prior median (crash-like),False
7624,PXMD,1966,2023-10-25,AGREED_SPLIT_TESTABLE_AMBIGUOUS,price matches but dollar volume is 6.3x the prior median (crash-like),False
7625,PXS,1598,2022-05-09,AGREED_SPLIT_TESTABLE_AMBIGUOUS,price matches but dollar volume is 6.5x the prior median (crash-like),False
7628,PYPD,1938,2023-09-15,DISPUTED_SPLIT_AMBIGUOUS,price matches but dollar volume is 38.6x the prior median (crash-like),False
7654,QGEN,2277,2025-01-23,DISPUTED_SPLIT_AMBIGUOUS,untestable ratio (|ln m|=0.028 < 0.3),True
7655,QH,1660,2022-08-08,AGREED_SPLIT_TESTABLE_AMBIGUOUS,price matches but dollar volume is 87.8x the prior median (crash-like),False
7655,QH,2420,2025-08-19,AGREED_SPLIT_TESTABLE_AMBIGUOUS,a jump exists (max |ln R|=4.759) that does not match the claim,False
7660,QLGN,2221,2024-10-30,AGREED_SPLIT_TESTABLE_AMBIGUOUS,price matches but dollar volume is 19.8x the prior median (crash-like),False
7661,QLI,2126,2024-06-14,AGREED_SPLIT_TESTABLE_AMBIGUOUS,price matches but dollar volume is 16.7x the prior median (crash-like),False
7669,QNGY,1699,2022-10-03,AGREED_SPLIT_TESTABLE_AMBIGUOUS,price matches but dollar volume is 8.7x the prior median (crash-like),False
7673,QNTM,2164,2024-08-09,DISPUTED_SPLIT_AMBIGUOUS,a jump exists (max |ln R|=3.998) that does not match the claim,False
7679,QRTEA,1179,2020-09-09,DISPUTED_SPLIT_AMBIGUOUS,untestable ratio (|ln m|=0.030 < 0.3),True
7680,QRTEB,1179,2020-09-09,DISPUTED_SPLIT_AMBIGUOUS,untestable ratio (|ln m|=0.030 < 0.3),False
7710,QVCGB,2357,2025-05-19,AGREED_SPLIT_TESTABLE_AMBIGUOUS,price matches but dollar volume is 13.1x the prior median (crash-like),False
7712,QXO,2116,2024-05-31,DISPUTED_SPLIT_AMBIGUOUS,price matches but dollar volume is 25.9x the prior median (crash-like),True
7744,RAYA,2445,2025-09-24,AGREED_SPLIT_TESTABLE_AMBIGUOUS,a jump exists (max |ln R|=4.859) that does not match the claim,False
7755,RBNE,2505,2025-12-18,AGREED_SPLIT_TESTABLE_AMBIGUOUS,price matches but dollar volume is 5.6x the prior median (crash-like),False
7756,RBOT,2121,2024-06-07,AGREED_SPLIT_TESTABLE_AMBIGUOUS,a jump exists (max |ln R|=3.515) that does not match the claim,False
7776,RCON,999,2019-12-20,DISPUTED_SPLIT_AMBIGUOUS,price matches but dollar volume is 8.0x the prior median (crash-like),False
7776,RCON,2666,2026-08-12,AGREED_SPLIT_TESTABLE_AMBIGUOUS,price matches but dollar volume is 10.4x the prior median (crash-like),False
7778,RCRT,1920,2023-08-21,AGREED_SPLIT_TESTABLE_AMBIGUOUS,price matches but dollar volume is 6.5x the prior median (crash-like),False
7788,RDGT,2575,2026-04-01,AGREED_SPLIT_TESTABLE_AMBIGUOUS,a jump exists (max |ln R|=4.724) that does not match the claim,False
7805,REBN,2021,2024-01-16,AGREED_SPLIT_TESTABLE_AMBIGUOUS,price matches but dollar volume is 9.9x the prior median (crash-like),False
7808,REE,1957,2023-10-12,AGREED_SPLIT_TESTABLE_AMBIGUOUS,a jump exists (max |ln R|=3.162) that does not match the claim,False
7819,RELI,1280,2021-02-03,AGREED_SPLIT_TESTABLE_AMBIGUOUS,a jump exists (max |ln R|=0.185) that does not match the claim,False
7819,RELI,1793,2023-02-16,AGREED_SPLIT_TESTABLE_AMBIGUOUS,a jump exists (max |ln R|=2.588) that does not match the claim,False
7819,RELI,2132,2024-06-25,AGREED_SPLIT_TESTABLE_AMBIGUOUS,price matches but dollar volume is 59.9x the prior median (crash-like),False
7836,RETO,1849,2023-05-09,AGREED_SPLIT_TESTABLE_AMBIGUOUS,price matches but dollar volume is 36.6x the prior median (crash-like),False
7836,RETO,2049,2024-02-26,AGREED_SPLIT_TESTABLE_AMBIGUOUS,price matches but dollar volume is 9.8x the prior median (crash-like),False
7836,RETO,2303,2025-03-03,AGREED_SPLIT_TESTABLE_AMBIGUOUS,a jump exists (max |ln R|=2.202) that does not match the claim,False
7839,REVB,1778,2023-01-26,AGREED_SPLIT_TESTABLE_AMBIGUOUS,price matches but dollar volume is 11.4x the prior median (crash-like),False
7839,REVB,2024,2024-01-19,AGREED_SPLIT_TESTABLE_AMBIGUOUS,price matches but dollar volume is 26.5x the prior median (crash-like),False
7839,REVB,2276,2025-01-22,AGREED_SPLIT_TESTABLE_AMBIGUOUS,price matches but dollar volume is 8.4x the prior median (crash-like),False
7839,REVB,2527,2026-01-22,AGREED_SPLIT_TESTABLE_AMBIGUOUS,price matches but dollar volume is 29.5x the prior median (crash-like),False
7857,RGC,2372,2025-06-10,AGREED_SPLIT_TESTABLE_AMBIGUOUS,a jump exists (max |ln R|=3.123) that does not match the claim,False
7860,RGF,2262,2024-12-30,AGREED_SPLIT_TESTABLE_AMBIGUOUS,price matches but dollar volume is 35.1x the prior median (crash-like),False
7871,RHE,750,2018-12-26,AGREED_SPLIT_TESTABLE_AMBIGUOUS,price matches but dollar volume is 32.9x the prior median (crash-like),False
7885,RIGL,2130,2024-06-21,AGREED_SPLIT_TESTABLE_AMBIGUOUS,price matches but dollar volume is 9.3x the prior median (crash-like),False
7907,RKDA,1754,2022-12-20,DISPUTED_SPLIT_AMBIGUOUS,untestable ratio (|ln m|=0.001 < 0.3),False
7907,RKDA,1797,2023-02-23,AGREED_SPLIT_TESTABLE_AMBIGUOUS,a jump exists (max |ln R|=3.549) that does not match the claim,False
7928,RMBL,1098,2020-05-14,AGREED_SPLIT_TESTABLE_AMBIGUOUS,price matches but dollar volume is 11.2x the prior median (crash-like),False
7933,RMED,1224,2020-11-11,AGREED_SPLIT_TESTABLE_AMBIGUOUS,a jump exists (max |ln R|=3.091) that does not match the claim,False
7933,RMED,1695,2022-09-27,AGREED_SPLIT_TESTABLE_AMBIGUOUS,price matches but dollar volume is 7.0x the prior median (crash-like),False
7944,RMTI,1598,2022-05-09,AGREED_SPLIT_TESTABLE_AMBIGUOUS,a jump exists (max |ln R|=2.186) that does not match the claim,False
7946,RNAC,1988,2023-11-27,DISPUTED_SPLIT_AMBIGUOUS,a jump exists (max |ln R|=0.143) that does not match the claim,False
7946,RNAC,2073,2024-04-01,AGREED_SPLIT_TESTABLE_AMBIGUOUS,price matches but dollar volume is 7.1x the prior median (crash-like),False
7949,RNAZ,1855,2023-05-17,AGREED_SPLIT_TESTABLE_AMBIGUOUS,price matches but dollar volume is 26.3x the prior median (crash-like),False
7949,RNAZ,2017,2024-01-09,AGREED_SPLIT_TESTABLE_AMBIGUOUS,price matches but dollar volume is 6.3x the prior median (crash-like),False
7949,RNAZ,2241,2024-11-27,AGREED_SPLIT_TESTABLE_AMBIGUOUS,price matches but dollar volume is 6.3x the prior median (crash-like),False
7957,RNN,820,2019-04-08,AGREED_SPLIT_TESTABLE_AMBIGUOUS,price matches but dollar volume is 7.2x the prior median (crash-like),False
7976,ROI,1849,2023-05-09,DISPUTED_SPLIT_AMBIGUOUS,price matches but dollar volume is 7.2x the prior median (crash-like),False
7988,ROOT,1661,2022-08-09,AGREED_SPLIT_TESTABLE_AMBIGUOUS,a jump exists (max |ln R|=2.723) that does not match the claim,True
8004,RPGL,2545,2026-02-18,AGREED_SPLIT_TESTABLE_AMBIGUOUS,price matches but dollar volume is 47.4x the prior median (crash-like),False
8010,RPT,2509,2025-12-24,AGREED_SPLIT_TESTABLE_AMBIGUOUS,a jump exists (max |ln R|=1.704) that does not match the claim,False
8031,RSLS,1753,2022-12-19,AGREED_SPLIT_TESTABLE_AMBIGUOUS,a jump exists (max |ln R|=4.034) that does not match the claim,False
8031,RSLS,2190,2024-09-17,AGREED_SPLIT_TESTABLE_AMBIGUOUS,price matches but dollar volume is 1139.3x the prior median (crash-like),False
8031,RSLS,2347,2025-05-05,AGREED_SPLIT_TESTABLE_AMBIGUOUS,a jump exists (max |ln R|=3.062) that does not match the claim,False
8044,RTC,2118,2024-06-04,AGREED_SPLIT_TESTABLE_AMBIGUOUS,a jump exists (max |ln R|=1.466) that does not match the claim,False
8061,RUBI,2538,2026-02-06,AGREED_SPLIT_TESTABLE_AMBIGUOUS,price matches but dollar volume is 13.2x the prior median (crash-like),False
8079,RVSN,1977,2023-11-09,AGREED_SPLIT_TESTABLE_AMBIGUOUS,price matches but dollar volume is 19.6x the prior median (crash-like),False
8087,RWLK,811,2019-03-26,AGREED_SPLIT_TESTABLE_AMBIGUOUS,a jump exists (max |ln R|=3.020) that does not match the claim,False
8107,RYN,2247,2024-12-06,DISPUTED_SPLIT_AMBIGUOUS,untestable ratio (|ln m|=0.050 < 0.3),False
8107,RYN,2463,2025-10-20,DISPUTED_SPLIT_AMBIGUOUS,untestable ratio (|ln m|=0.048 < 0.3),False
8158,SASI,1939,2023-09-18,AGREED_SPLIT_TESTABLE_AMBIGUOUS,price matches but dollar volume is 34.3x the prior median (crash-like),False
8165,SAVA,2002,2023-12-15,DISPUTED_SPLIT_AMBIGUOUS,a jump exists (max |ln R|=0.071) that does not match the claim,True
8177,SBET,1397,2021-07-22,DISPUTED_SPLIT_AMBIGUOUS,a jump exists (max |ln R|=0.552) that does not match the claim,True
8177,SBET,1836,2023-04-20,AGREED_SPLIT_TESTABLE_AMBIGUOUS,price matches but dollar volume is 10.2x the prior median (crash-like),True
8177,SBET,2344,2025-04-30,AGREED_SPLIT_TESTABLE_AMBIGUOUS,price matches but dollar volume is 10.1x the prior median (crash-like),True
8179,SBFG,1519,2022-01-13,DISPUTED_SPLIT_AMBIGUOUS,untestable ratio (|ln m|=0.049 < 0.3),False
8180,SBFM,2081,2024-04-11,AGREED_SPLIT_TESTABLE_AMBIGUOUS,a jump exists (max |ln R|=3.961) that does not match the claim,False
8180,SBFM,2159,2024-08-02,AGREED_SPLIT_TESTABLE_AMBIGUOUS,price matches but dollar volume is 5.4x the prior median (crash-like),False
8207,SCCO,2160,2024-08-05,DISPUTED_SPLIT_AMBIGUOUS,untestable ratio (|ln m|=0.006 < 0.3),True
8207,SCCO,2222,2024-10-31,DISPUTED_SPLIT_AMBIGUOUS,untestable ratio (|ln m|=0.006 < 0.3),True
8207,SCCO,2286,2025-02-05,DISPUTED_SPLIT_AMBIGUOUS,untestable ratio (|ln m|=0.007 < 0.3),True
8207,SCCO,2342,2025-04-28,DISPUTED_SPLIT_AMBIGUOUS,untestable ratio (|ln m|=0.010 < 0.3),True
8207,SCCO,2414,2025-08-11,DISPUTED_SPLIT_AMBIGUOUS,untestable ratio (|ln m|=0.010 < 0.3),True
8207,SCCO,2476,2025-11-06,DISPUTED_SPLIT_AMBIGUOUS,untestable ratio (|ln m|=0.008 < 0.3),True
8207,SCCO,2536,2026-02-04,DISPUTED_SPLIT_AMBIGUOUS,untestable ratio (|ln m|=0.008 < 0.3),True
8207,SCCO,2600,2026-05-07,DISPUTED_SPLIT_AMBIGUOUS,untestable ratio (|ln m|=0.010 < 0.3),True
8207,SCCO,2661,2026-08-05,DISPUTED_SPLIT_AMBIGUOUS,untestable ratio (|ln m|=0.012 < 0.3),True
8226,SCON,1176,2020-09-03,AGREED_SPLIT_TESTABLE_AMBIGUOUS,a jump exists (max |ln R|=2.148) that does not match the claim,False
8228,SCOR,2001,2023-12-14,AGREED_SPLIT_TESTABLE_AMBIGUOUS,a jump exists (max |ln R|=2.924) that does not match the claim,False
8265,SDOT,2209,2024-10-14,AGREED_SPLIT_TESTABLE_AMBIGUOUS,price matches but dollar volume is 7.5x the prior median (crash-like),False
8265,SDOT,2434,2025-09-09,AGREED_SPLIT_TESTABLE_AMBIGUOUS,price matches but dollar volume is 6.4x the prior median (crash-like),False
8271,SEAC,1855,2023-05-17,AGREED_SPLIT_TESTABLE_AMBIGUOUS,price matches but dollar volume is 12.4x the prior median (crash-like),False
8274,SEAT,2407,2025-07-31,AGREED_SPLIT_TESTABLE_AMBIGUOUS,price matches but dollar volume is 17.8x the prior median (crash-like),False
8281,SEEL,1985,2023-11-21,AGREED_SPLIT_TESTABLE_AMBIGUOUS,a jump exists (max |ln R|=3.330) that does not match the claim,False
8281,SEEL,2194,2024-09-23,AGREED_SPLIT_TESTABLE_AMBIGUOUS,a jump exists (max |ln R|=2.498) that does not match the claim,False
8284,SEGG,2424,2025-08-25,AGREED_SPLIT_TESTABLE_AMBIGUOUS,a jump exists (max |ln R|=1.943) that does not match the claim,False
8296,SENS,2459,2025-10-14,AGREED_SPLIT_TESTABLE_AMBIGUOUS,a jump exists (max |ln R|=2.911) that does not match the claim,False
8303,SES,888,2019-07-16,DISPUTED_SPLIT_AMBIGUOUS,price matches but dollar volume is 38.4x the prior median (crash-like),False
8305,SESN,1802,2023-03-02,AGREED_SPLIT_TESTABLE_AMBIGUOUS,a jump exists (max |ln R|=0.133) that does not match the claim,False
8315,SFE,2017,2024-01-09,DISPUTED_SPLIT_AMBIGUOUS,a jump exists (max |ln R|=0.071) that does not match the claim,False
8317,SFHG,2548,2026-02-23,AGREED_SPLIT_TESTABLE_AMBIGUOUS,a jump exists (max |ln R|=1.369) that does not match the claim,False
8328,SFWL,2680,2026-09-01,AGREED_SPLIT_TESTABLE_AMBIGUOUS,price matches but dollar volume is 30.3x the prior median (crash-like),False
8334,SGBX,1026,2020-01-31,AGREED_SPLIT_TESTABLE_AMBIGUOUS,price matches but dollar volume is 6.5x the prior median (crash-like),False
8334,SGBX,2092,2024-04-26,AGREED_SPLIT_TESTABLE_AMBIGUOUS,a jump exists (max |ln R|=3.235) that does not match the claim,False
8334,SGBX,2429,2025-09-02,AGREED_SPLIT_TESTABLE_AMBIGUOUS,a jump exists (max |ln R|=4.052) that does not match the claim,False
8337,SGD,2324,2025-04-01,DISPUTED_SPLIT_AMBIGUOUS,untestable ratio (|ln m|=0.049 < 0.3),False
8350,SGLY,1130,2020-06-30,DISPUTED_SPLIT_AMBIGUOUS,a jump exists (max |ln R|=1.461) that does not match the claim,False
8350,SGLY,2036,2024-02-06,AGREED_SPLIT_TESTABLE_AMBIGUOUS,a jump exists (max |ln R|=2.037) that does not match the claim,False
8350,SGLY,2650,2026-07-21,AGREED_SPLIT_TESTABLE_AMBIGUOUS,price matches but dollar volume is 15.4x the prior median (crash-like),False
8356,SGN,2230,2024-11-12,AGREED_SPLIT_TESTABLE_AMBIGUOUS,a jump exists (max |ln R|=3.693) that does not match the claim,False
8363,SGTX,1855,2023-05-17,AGREED_SPLIT_TESTABLE_AMBIGUOUS,price matches but dollar volume is 20.6x the prior median (crash-like),False
8377,SHFS,2314,2025-03-18,AGREED_SPLIT_TESTABLE_AMBIGUOUS,price matches but dollar volume is 5.6x the prior median (crash-like),False
8379,SHIP,803,2019-03-14,AGREED_SPLIT_TESTABLE_AMBIGUOUS,a jump exists (max |ln R|=2.585) that does not match the claim,False
8379,SHIP,1126,2020-06-24,AGREED_SPLIT_TESTABLE_AMBIGUOUS,a jump exists (max |ln R|=2.613) that does not match the claim,False
8395,SHPW,1876,2023-06-16,AGREED_SPLIT_TESTABLE_AMBIGUOUS,price matches but dollar volume is 25.0x the prior median (crash-like),False
8405,SIEN,1771,2023-01-17,AGREED_SPLIT_TESTABLE_AMBIGUOUS,price matches but dollar volume is 5.2x the prior median (crash-like),False
8416,SILO,2614,2026-05-28,AGREED_SPLIT_TESTABLE_AMBIGUOUS,price matches but dollar volume is 7.8x the prior median (crash-like),False
8421,SING,1998,2023-12-11,DISPUTED_SPLIT_AMBIGUOUS,a jump exists (max |ln R|=0.365) that does not match the claim,False
8421,SING,2164,2024-08-09,AGREED_SPLIT_TESTABLE_AMBIGUOUS,price matches but dollar volume is 16.6x the prior median (crash-like),False
8422,SINO,1130,2020-06-30,DISPUTED_SPLIT_AMBIGUOUS,a jump exists (max |ln R|=1.461) that does not match the claim,False
8423,SINT,893,2019-07-23,AGREED_SPLIT_TESTABLE_AMBIGUOUS,a jump exists (max |ln R|=3.711) that does not match the claim,False
8423,SINT,1750,2022-12-14,AGREED_SPLIT_TESTABLE_AMBIGUOUS,price matches but dollar volume is 14.8x the prior median (crash-like),False
8423,SINT,2109,2024-05-21,AGREED_SPLIT_TESTABLE_AMBIGUOUS,a jump exists (max |ln R|=4.918) that does not match the claim,False
8425,SIOX,837,2019-05-02,DISPUTED_SPLIT_AMBIGUOUS,a jump exists (max |ln R|=2.012) that does not match the claim,False
8428,SIRI,2181,2024-09-04,AGREED_SPLIT_TESTABLE_AMBIGUOUS,price matches but dollar volume is 7.7x the prior median (crash-like),True
8429,SISI,2040,2024-02-12,AGREED_SPLIT_TESTABLE_AMBIGUOUS,price matches but dollar volume is 61.7x the prior median (crash-like),False
8429,SISI,2226,2024-11-06,AGREED_SPLIT_TESTABLE_AMBIGUOUS,price matches but dollar volume is 8.1x the prior median (crash-like),False
8448,SKK,2573,2026-03-30,AGREED_SPLIT_TESTABLE_AMBIGUOUS,price matches but dollar volume is 12.3x the prior median (crash-like),False
8458,SKYQ,2559,2026-03-10,AGREED_SPLIT_TESTABLE_AMBIGUOUS,price matches but dollar volume is 6.2x the prior median (crash-like),False
8471,SLDB,1714,2022-10-24,AGREED_SPLIT_TESTABLE_AMBIGUOUS,price matches but dollar volume is 11.1x the prior median (crash-like),False
8474,SLE,1930,2023-09-05,DISPUTED_SPLIT_AMBIGUOUS,a jump exists (max |ln R|=3.864) that does not match the claim,False
8474,SLE,2524,2026-01-16,AGREED_SPLIT_TESTABLE_AMBIGUOUS,a jump exists (max |ln R|=2.711) that does not match the claim,False
8476,SLG,1242,2020-12-08,DISPUTED_SPLIT_AMBIGUOUS,untestable ratio (|ln m|=0.028 < 0.3); untestable ratio (|ln m|=0.034 < 0.3),True
8476,SLG,1494,2021-12-08,DISPUTED_SPLIT_AMBIGUOUS,untestable ratio (|ln m|=0.030 < 0.3),True
8479,SLGL,2343,2025-04-29,AGREED_SPLIT_TESTABLE_AMBIGUOUS,price matches but dollar volume is 19.1x the prior median (crash-like),False
8490,SLNH,1955,2023-10-10,AGREED_SPLIT_TESTABLE_AMBIGUOUS,a jump exists (max |ln R|=3.051) that does not match the claim,False
8491,SLNO,1670,2022-08-22,AGREED_SPLIT_TESTABLE_AMBIGUOUS,a jump exists (max |ln R|=2.498) that does not match the claim,True
8496,SLRX,1705,2022-10-11,AGREED_SPLIT_TESTABLE_AMBIGUOUS,price matches but dollar volume is 16.1x the prior median (crash-like),False
8496,SLRX,2123,2024-06-11,AGREED_SPLIT_TESTABLE_AMBIGUOUS,price matches but dollar volume is 53.2x the prior median (crash-like),False
8497,SLS,966,2019-11-04,AGREED_SPLIT_TESTABLE_AMBIGUOUS,a jump exists (max |ln R|=3.795) that does not match the claim,True
8502,SLXN,2238,2024-11-22,AGREED_SPLIT_TESTABLE_AMBIGUOUS,price matches but dollar volume is 9.5x the prior median (crash-like),False
8502,SLXN,2611,2026-05-22,AGREED_SPLIT_TESTABLE_AMBIGUOUS,price matches but dollar volume is 8.8x the prior median (crash-like),False
8512,SMFL,1834,2023-04-18,AGREED_SPLIT_TESTABLE_AMBIGUOUS,price matches but dollar volume is 16.7x the prior median (crash-like),False
8512,SMFL,1903,2023-07-27,AGREED_SPLIT_TESTABLE_AMBIGUOUS,price matches but dollar volume is 44.3x the prior median (crash-like),False
8512,SMFL,1964,2023-10-23,AGREED_SPLIT_TESTABLE_AMBIGUOUS,price matches but dollar volume is 39.7x the prior median (crash-like),False
8512,SMFL,2084,2024-04-16,AGREED_SPLIT_TESTABLE_AMBIGUOUS,a jump exists (max |ln R|=2.085) that does not match the claim,False
8530,SMSI,2616,2026-06-01,AGREED_SPLIT_TESTABLE_AMBIGUOUS,price matches but dollar volume is 5.5x the prior median (crash-like),False
8538,SMX,2268,2025-01-08,AGREED_SPLIT_TESTABLE_AMBIGUOUS,a jump exists (max |ln R|=3.223) that does not match the claim,False
8539,SMXT,2663,2026-08-07,AGREED_SPLIT_TESTABLE_AMBIGUOUS,price matches but dollar volume is 6.1x the prior median (crash-like),False
8546,SNAX,1890,2023-07-10,AGREED_SPLIT_TESTABLE_AMBIGUOUS,price matches but dollar volume is 9.1x the prior median (crash-like),False
8551,SNCA,1334,2021-04-22,AGREED_SPLIT_TESTABLE_AMBIGUOUS,a jump exists (max |ln R|=0.119) that does not match the claim,False
8552,SNCE,1993,2023-12-04,AGREED_SPLIT_TESTABLE_AMBIGUOUS,a jump exists (max |ln R|=2.796) that does not match the claim,False
8559,SNDL,1647,2022-07-20,AGREED_SPLIT_TESTABLE_AMBIGUOUS,a jump exists (max |ln R|=2.232) that does not match the claim,False
8562,SNES,1025,2020-01-30,AGREED_SPLIT_TESTABLE_AMBIGUOUS,price matches but dollar volume is 14.8x the prior median (crash-like),False
8562,SNES,1727,2022-11-10,AGREED_SPLIT_TESTABLE_AMBIGUOUS,price matches but dollar volume is 42.9x the prior median (crash-like),False
8562,SNES,1979,2023-11-13,AGREED_SPLIT_TESTABLE_AMBIGUOUS,a jump exists (max |ln R|=2.662) that does not match the claim,False
8562,SNES,2149,2024-07-19,AGREED_SPLIT_TESTABLE_AMBIGUOUS,price matches but dollar volume is 13.1x the prior median (crash-like),False
8564,SNFCA,756,2019-01-04,DISPUTED_SPLIT_AMBIGUOUS,untestable ratio (|ln m|=0.049 < 0.3),False
8564,SNFCA,1007,2020-01-03,DISPUTED_SPLIT_AMBIGUOUS,untestable ratio (|ln m|=0.049 < 0.3),False
8564,SNFCA,1131,2020-07-01,DISPUTED_SPLIT_AMBIGUOUS,untestable ratio (|ln m|=0.025 < 0.3),False
8564,SNFCA,1383,2021-07-01,DISPUTED_SPLIT_AMBIGUOUS,untestable ratio (|ln m|=0.049 < 0.3),False
8564,SNFCA,1630,2022-06-24,DISPUTED_SPLIT_AMBIGUOUS,untestable ratio (|ln m|=0.049 < 0.3),False
8564,SNFCA,1884,2023-06-29,DISPUTED_SPLIT_AMBIGUOUS,untestable ratio (|ln m|=0.049 < 0.3),False
8564,SNFCA,2135,2024-06-28,DISPUTED_SPLIT_AMBIGUOUS,untestable ratio (|ln m|=0.049 < 0.3),False
8564,SNFCA,2389,2025-07-07,DISPUTED_SPLIT_AMBIGUOUS,untestable ratio (|ln m|=0.049 < 0.3),False
8564,SNFCA,2639,2026-07-06,DISPUTED_SPLIT_AMBIGUOUS,untestable ratio (|ln m|=0.049 < 0.3),False
8565,SNGX,1757,2022-12-23,DISPUTED_SPLIT_AMBIGUOUS,untestable ratio (|ln m|=0.001 < 0.3),False
8565,SNGX,2116,2024-05-31,AGREED_SPLIT_TESTABLE_AMBIGUOUS,a jump exists (max |ln R|=2.606) that does not match the claim,False
8573,SNOA,867,2019-06-14,AGREED_SPLIT_TESTABLE_AMBIGUOUS,price matches but dollar volume is 53.0x the prior median (crash-like),False
8581,SNSE,2373,2025-06-11,AGREED_SPLIT_TESTABLE_AMBIGUOUS,price matches but dollar volume is 5.3x the prior median (crash-like),False
8582,SNSS,1172,2020-08-28,AGREED_SPLIT_TESTABLE_AMBIGUOUS,a jump exists (max |ln R|=2.162) that does not match the claim,False
8582,SNSS,1291,2021-02-19,AGREED_SPLIT_TESTABLE_AMBIGUOUS,a jump exists (max |ln R|=0.106) that does not match the claim,False
8584,SNTG,1659,2022-08-05,AGREED_SPLIT_TESTABLE_AMBIGUOUS,price matches but dollar volume is 8.1x the prior median (crash-like),False
8594,SOBR,2197,2024-09-26,AGREED_SPLIT_TESTABLE_AMBIGUOUS,a jump exists (max |ln R|=4.520) that does not match the claim,False
8594,SOBR,2323,2025-03-31,AGREED_SPLIT_TESTABLE_AMBIGUOUS,price matches but dollar volume is 22.3x the prior median (crash-like),False
8611,SOND,1938,2023-09-15,AGREED_SPLIT_TESTABLE_AMBIGUOUS,a jump exists (max |ln R|=2.864) that does not match the claim,False
8613,SONM,2144,2024-07-12,AGREED_SPLIT_TESTABLE_AMBIGUOUS,a jump exists (max |ln R|=2.182) that does not match the claim,False
8613,SONM,2464,2025-10-21,AGREED_SPLIT_TESTABLE_AMBIGUOUS,a jump exists (max |ln R|=2.749) that does not match the claim,False
8614,SONN,1685,2022-09-13,AGREED_SPLIT_TESTABLE_AMBIGUOUS,a jump exists (max |ln R|=2.423) that does not match the claim,False
8614,SONN,1925,2023-08-28,AGREED_SPLIT_TESTABLE_AMBIGUOUS,price matches but dollar volume is 9.0x the prior median (crash-like),False
8614,SONN,2195,2024-09-24,AGREED_SPLIT_TESTABLE_AMBIGUOUS,price matches but dollar volume is 6.1x the prior median (crash-like),False
8618,SOPA,2091,2024-04-25,AGREED_SPLIT_TESTABLE_AMBIGUOUS,price matches but dollar volume is 7.8x the prior median (crash-like),False
8623,SOS,1633,2022-06-29,AGREED_SPLIT_TESTABLE_AMBIGUOUS,a jump exists (max |ln R|=3.799) that does not match the claim,True
8628,SOWG,2587,2026-04-20,AGREED_SPLIT_TESTABLE_AMBIGUOUS,price matches but dollar volume is 5.7x the prior median (crash-like),False
8635,SPCB,1732,2022-11-17,AGREED_SPLIT_TESTABLE_AMBIGUOUS,a jump exists (max |ln R|=2.148) that does not match the claim,False
8635,SPCB,2169,2024-08-16,AGREED_SPLIT_TESTABLE_AMBIGUOUS,a jump exists (max |ln R|=2.870) that does not match the claim,False
8636,SPCE,2123,2024-06-11,AGREED_SPLIT_TESTABLE_AMBIGUOUS,a jump exists (max |ln R|=2.681) that does not match the claim,True
8640,SPEX,839,2019-05-06,AGREED_SPLIT_TESTABLE_AMBIGUOUS,a jump exists (max |ln R|=1.324) that does not match the claim,False
8644,SPGC,2152,2024-07-24,AGREED_SPLIT_TESTABLE_AMBIGUOUS,price matches but dollar volume is 17.4x the prior median (crash-like),False
8644,SPGC,2309,2025-03-11,DISPUTED_SPLIT_AMBIGUOUS,a jump exists (max |ln R|=0.570) that does not match the claim,False
8649,SPHL,2489,2025-11-25,AGREED_SPLIT_TESTABLE_AMBIGUOUS,price matches but dollar volume is 8.8x the prior median (crash-like),False
8671,SPPL,2324,2025-04-01,AGREED_SPLIT_TESTABLE_AMBIGUOUS,price matches but dollar volume is 6.1x the prior median (crash-like),False
8675,SPRC,1943,2023-09-22,AGREED_SPLIT_TESTABLE_AMBIGUOUS,a jump exists (max |ln R|=3.099) that does not match the claim,False
8675,SPRC,2384,2025-06-27,AGREED_SPLIT_TESTABLE_AMBIGUOUS,price matches but dollar volume is 16.6x the prior median (crash-like),False
8675,SPRC,2551,2026-02-26,AGREED_SPLIT_TESTABLE_AMBIGUOUS,price matches but dollar volume is 15.8x the prior median (crash-like),False
8679,SPRU,1950,2023-10-03,AGREED_SPLIT_TESTABLE_AMBIGUOUS,a jump exists (max |ln R|=1.974) that does not match the claim,True
8692,SQBG,1144,2020-07-21,AGREED_SPLIT_TESTABLE_AMBIGUOUS,price matches but dollar volume is 5.1x the prior median (crash-like),False
8694,SQL,1924,2023-08-25,AGREED_SPLIT_TESTABLE_AMBIGUOUS,a jump exists (max |ln R|=3.421) that does not match the claim,False
8713,SRL,1345,2021-05-07,DISPUTED_SPLIT_AMBIGUOUS,untestable ratio (|ln m|=0.086 < 0.3),False
8713,SRL,1473,2021-11-08,DISPUTED_SPLIT_AMBIGUOUS,untestable ratio (|ln m|=0.077 < 0.3),False
8727,SRXH,2635,2026-06-29,AGREED_SPLIT_TESTABLE_AMBIGUOUS,a jump exists (max |ln R|=3.989) that does not match the claim,False
8732,SSBI,1462,2021-10-22,DISPUTED_SPLIT_AMBIGUOUS,untestable ratio (|ln m|=0.095 < 0.3),False
8743,SSKN,2117,2024-06-03,AGREED_SPLIT_TESTABLE_AMBIGUOUS,price matches but dollar volume is 12.4x the prior median (crash-like),False
8744,SSLJ,817,2019-04-03,DISPUTED_SPLIT_AMBIGUOUS,price matches but dollar volume is 67.7x the prior median (crash-like),False
8749,SSNT,2116,2024-05-31,DISPUTED_SPLIT_AMBIGUOUS,a jump exists (max |ln R|=0.216) that does not match the claim,False
8753,SSSS,1347,2021-05-11,DISPUTED_SPLIT_AMBIGUOUS,untestable ratio (|ln m|=0.175 < 0.3),False
8755,SST,2370,2025-06-06,AGREED_SPLIT_TESTABLE_AMBIGUOUS,price matches but dollar volume is 8.5x the prior median (crash-like),False
8765,STAF,1379,2021-06-25,AGREED_SPLIT_TESTABLE_AMBIGUOUS,a jump exists (max |ln R|=1.714) that does not match the claim,False
8765,STAF,2129,2024-06-20,AGREED_SPLIT_TESTABLE_AMBIGUOUS,price matches but dollar volume is 15.1x the prior median (crash-like),False
8773,STBX,2218,2024-10-25,AGREED_SPLIT_TESTABLE_AMBIGUOUS,a jump exists (max |ln R|=2.647) that does not match the claim,False
8773,STBX,2330,2025-04-09,AGREED_SPLIT_TESTABLE_AMBIGUOUS,price matches but dollar volume is 275.2x the prior median (crash-like),False
8776,STCN,1875,2023-06-15,AGREED_SPLIT_TESTABLE_AMBIGUOUS,price matches but dollar volume is 55.8x the prior median (crash-like),False
8790,STI,2348,2025-05-06,AGREED_SPLIT_TESTABLE_AMBIGUOUS,price matches but dollar volume is 7.0x the prior median (crash-like),False
8834,STSS,2207,2024-10-10,AGREED_SPLIT_TESTABLE_AMBIGUOUS,a jump exists (max |ln R|=2.953) that does not match the claim,False
8849,SUGP,2420,2025-08-19,AGREED_SPLIT_TESTABLE_AMBIGUOUS,a jump exists (max |ln R|=2.499) that does not match the claim,False
8849,SUGP,2658,2026-07-31,AGREED_SPLIT_TESTABLE_AMBIGUOUS,price matches but dollar volume is 14.4x the prior median (crash-like),False
8853,SUM,1746,2022-12-08,DISPUTED_SPLIT_AMBIGUOUS,untestable ratio (|ln m|=0.017 < 0.3),True
8856,SUMR,1052,2020-03-10,AGREED_SPLIT_TESTABLE_AMBIGUOUS,a jump exists (max |ln R|=1.877) that does not match the claim,False
8860,SUNE,2333,2025-04-14,AGREED_SPLIT_TESTABLE_AMBIGUOUS,a jump exists (max |ln R|=5.011) that does not match the claim,False
8861,SUNL,1918,2023-08-17,AGREED_SPLIT_TESTABLE_AMBIGUOUS,a jump exists (max |ln R|=2.711) that does not match the claim,False
8882,SVFD,1949,2023-10-02,AGREED_SPLIT_TESTABLE_AMBIGUOUS,a jump exists (max |ln R|=1.615) that does not match the claim,False
8887,SVMH,2268,2025-01-08,AGREED_SPLIT_TESTABLE_AMBIGUOUS,a jump exists (max |ln R|=3.672) that does not match the claim,False
8931,SXTC,1288,2021-02-16,AGREED_SPLIT_TESTABLE_AMBIGUOUS,a jump exists (max |ln R|=1.146) that does not match the claim,False
8931,SXTC,1602,2022-05-13,AGREED_SPLIT_TESTABLE_AMBIGUOUS,a jump exists (max |ln R|=2.800) that does not match the claim,False
8931,SXTC,1948,2023-09-29,AGREED_SPLIT_TESTABLE_AMBIGUOUS,price matches but dollar volume is 11.2x the prior median (crash-like),False
8931,SXTC,2295,2025-02-19,AGREED_SPLIT_TESTABLE_AMBIGUOUS,a jump exists (max |ln R|=1.548) that does not match the claim,False
8931,SXTC,2531,2026-01-28,AGREED_SPLIT_TESTABLE_AMBIGUOUS,a jump exists (max |ln R|=4.867) that does not match the claim,False
8932,SXTP,2161,2024-08-06,AGREED_SPLIT_TESTABLE_AMBIGUOUS,a jump exists (max |ln R|=2.701) that does not match the claim,False
8932,SXTP,2521,2026-01-13,AGREED_SPLIT_TESTABLE_AMBIGUOUS,a jump exists (max |ln R|=1.292) that does not match the claim,False
8935,SYBX,1943,2023-09-22,AGREED_SPLIT_TESTABLE_AMBIGUOUS,a jump exists (max |ln R|=2.557) that does not match the claim,False
8950,SYRE,1929,2023-09-01,DISPUTED_SPLIT_AMBIGUOUS,a jump exists (max |ln R|=3.075) that does not match the claim,True
8952,SYRS,1685,2022-09-13,AGREED_SPLIT_TESTABLE_AMBIGUOUS,a jump exists (max |ln R|=1.970) that does not match the claim,False
8954,SYTA,2257,2024-12-20,AGREED_SPLIT_TESTABLE_AMBIGUOUS,price matches but dollar volume is 10.6x the prior median (crash-like),False
8962,TA,896,2019-07-26,AGREED_SPLIT_TESTABLE_AMBIGUOUS,price matches but dollar volume is 5.2x the prior median (crash-like),True
8973,TALS,1959,2023-10-16,AGREED_SPLIT_TESTABLE_AMBIGUOUS,a jump exists (max |ln R|=0.081) that does not match the claim,False
8974,TANH,1545,2022-02-22,AGREED_SPLIT_TESTABLE_AMBIGUOUS,a jump exists (max |ln R|=2.227) that does not match the claim,False
8974,TANH,1722,2022-11-03,AGREED_SPLIT_TESTABLE_AMBIGUOUS,a jump exists (max |ln R|=2.893) that does not match the claim,False
8974,TANH,2288,2025-02-07,AGREED_SPLIT_TESTABLE_AMBIGUOUS,price matches but dollar volume is 5.3x the prior median (crash-like),False
8974,TANH,2679,2026-08-31,AGREED_SPLIT_TESTABLE_AMBIGUOUS,price matches but dollar volume is 31.9x the prior median (crash-like),False
8977,TAOP,1147,2020-07-24,AGREED_SPLIT_TESTABLE_AMBIGUOUS,a jump exists (max |ln R|=2.505) that does not match the claim,False
8977,TAOP,1902,2023-07-26,AGREED_SPLIT_TESTABLE_AMBIGUOUS,price matches but dollar volume is 17.9x the prior median (crash-like),False
9000,TBIO,2097,2024-05-03,AGREED_SPLIT_TESTABLE_AMBIGUOUS,price matches but dollar volume is 75.6x the prior median (crash-like),False
9003,TBLT,1073,2020-04-08,AGREED_SPLIT_TESTABLE_AMBIGUOUS,price matches but dollar volume is 13.9x the prior median (crash-like),False
9003,TBLT,1584,2022-04-19,AGREED_SPLIT_TESTABLE_AMBIGUOUS,a jump exists (max |ln R|=4.732) that does not match the claim,False
9003,TBLT,2008,2023-12-26,AGREED_SPLIT_TESTABLE_AMBIGUOUS,price matches but dollar volume is 9.0x the prior median (crash-like),False
9031,TCON,2076,2024-04-04,AGREED_SPLIT_TESTABLE_AMBIGUOUS,a jump exists (max |ln R|=2.885) that does not match the claim,False
9037,TCRT,2144,2024-07-12,AGREED_SPLIT_TESTABLE_AMBIGUOUS,price matches but dollar volume is 28.0x the prior median (crash-like),False
9074,TENX,1760,2022-12-29,AGREED_SPLIT_TESTABLE_AMBIGUOUS,price matches but dollar volume is 21.9x the prior median (crash-like),False
9074,TENX,2009,2023-12-27,AGREED_SPLIT_TESTABLE_AMBIGUOUS,a jump exists (max |ln R|=4.204) that does not match the claim,False
9089,TFFP,2000,2023-12-13,AGREED_SPLIT_TESTABLE_AMBIGUOUS,a jump exists (max |ln R|=3.382) that does not match the claim,False
9101,TGC,1293,2021-02-23,DISPUTED_SPLIT_AMBIGUOUS,a jump exists (max |ln R|=0.286) that does not match the claim,False
9107,TGI,1743,2022-12-05,DISPUTED_SPLIT_AMBIGUOUS,untestable ratio (|ln m|=0.262 < 0.3),False
9108,TGL,2492,2025-12-01,AGREED_SPLIT_TESTABLE_AMBIGUOUS,price matches but dollar volume is 2080.3x the prior median (crash-like),False
9118,THAR,1981,2023-11-15,AGREED_SPLIT_TESTABLE_AMBIGUOUS,a jump exists (max |ln R|=3.075) that does not match the claim,False
9118,THAR,2109,2024-05-21,AGREED_SPLIT_TESTABLE_AMBIGUOUS,a jump exists (max |ln R|=2.623) that does not match the claim,False
9128,THH,2660,2026-08-04,AGREED_SPLIT_TESTABLE_AMBIGUOUS,price matches but dollar volume is 471.1x the prior median (crash-like),False
9132,THMO,856,2019-05-30,DISPUTED_SPLIT_AMBIGUOUS,price matches but dollar volume is 38.4x the prior median (crash-like),False
9132,THMO,1752,2022-12-16,AGREED_SPLIT_TESTABLE_AMBIGUOUS,price matches but dollar volume is 26.6x the prior median (crash-like),False
9143,THTX,1901,2023-07-25,AGREED_SPLIT_TESTABLE_AMBIGUOUS,price matches but dollar volume is 18.2x the prior median (crash-like),False
9159,TIRX,1727,2022-11-10,AGREED_SPLIT_TESTABLE_AMBIGUOUS,price matches but dollar volume is 31.5x the prior median (crash-like),False
9159,TIRX,2100,2024-05-08,AGREED_SPLIT_TESTABLE_AMBIGUOUS,price matches but dollar volume is 28.8x the prior median (crash-like),False
9159,TIRX,2428,2025-08-29,AGREED_SPLIT_TESTABLE_AMBIGUOUS,a jump exists (max |ln R|=1.531) that does not match the claim,False
9179,TLGT,1103,2020-05-21,AGREED_SPLIT_TESTABLE_AMBIGUOUS,price matches but dollar volume is 39.1x the prior median (crash-like),False
9181,TLIH,2592,2026-04-27,AGREED_SPLIT_TESTABLE_AMBIGUOUS,a jump exists (max |ln R|=2.435) that does not match the claim,False
9182,TLIS,1884,2023-06-29,AGREED_SPLIT_TESTABLE_AMBIGUOUS,price matches but dollar volume is 12.0x the prior median (crash-like),False
9195,TLSA,1148,2020-07-27,DISPUTED_SPLIT_AMBIGUOUS,a jump exists (max |ln R|=0.643) that does not match the claim,False
9199,TMBR,1722,2022-11-03,AGREED_SPLIT_TESTABLE_AMBIGUOUS,a jump exists (max |ln R|=3.589) that does not match the claim,False
9237,TNON,2179,2024-08-30,AGREED_SPLIT_TESTABLE_AMBIGUOUS,price matches but dollar volume is 96.4x the prior median (crash-like),False
9237,TNON,2660,2026-08-04,AGREED_SPLIT_TESTABLE_AMBIGUOUS,a jump exists (max |ln R|=3.662) that does not match the claim,False
9241,TNXP,961,2019-10-28,AGREED_SPLIT_TESTABLE_AMBIGUOUS,price matches but dollar volume is 11.0x the prior median (crash-like),False
9241,TNXP,1600,2022-05-11,AGREED_SPLIT_TESTABLE_AMBIGUOUS,a jump exists (max |ln R|=3.245) that does not match the claim,False
9241,TNXP,1846,2023-05-04,AGREED_SPLIT_TESTABLE_AMBIGUOUS,a jump exists (max |ln R|=1.768) that does not match the claim,False
9241,TNXP,2118,2024-06-04,AGREED_SPLIT_TESTABLE_AMBIGUOUS,a jump exists (max |ln R|=3.179) that does not match the claim,False
9255,TOPS,911,2019-08-16,AGREED_SPLIT_TESTABLE_AMBIGUOUS,a jump exists (max |ln R|=2.824) that does not match the claim,False
9255,TOPS,1154,2020-08-04,AGREED_SPLIT_TESTABLE_AMBIGUOUS,a jump exists (max |ln R|=2.853) that does not match the claim,False
9255,TOPS,1689,2022-09-19,AGREED_SPLIT_TESTABLE_AMBIGUOUS,price matches but dollar volume is 77.0x the prior median (crash-like),False
9255,TOPS,1944,2023-09-25,AGREED_SPLIT_TESTABLE_AMBIGUOUS,price matches but dollar volume is 11.0x the prior median (crash-like),False
9261,TOVX,2171,2024-08-20,AGREED_SPLIT_TESTABLE_AMBIGUOUS,a jump exists (max |ln R|=3.373) that does not match the claim,False
9271,TPET,2229,2024-11-11,AGREED_SPLIT_TESTABLE_AMBIGUOUS,a jump exists (max |ln R|=2.867) that does not match the claim,False
9288,TPST,2529,2026-01-26,DISPUTED_SPLIT_AMBIGUOUS,a jump exists (max |ln R|=0.083) that does not match the claim,False
9293,TR,791,2019-02-26,DISPUTED_SPLIT_AMBIGUOUS,untestable ratio (|ln m|=0.030 < 0.3),False
9293,TR,1042,2020-02-25,DISPUTED_SPLIT_AMBIGUOUS,untestable ratio (|ln m|=0.030 < 0.3),False
9293,TR,1296,2021-02-26,DISPUTED_SPLIT_AMBIGUOUS,untestable ratio (|ln m|=0.030 < 0.3),False
9293,TR,1549,2022-02-28,DISPUTED_SPLIT_AMBIGUOUS,untestable ratio (|ln m|=0.030 < 0.3),False
9293,TR,1799,2023-02-27,DISPUTED_SPLIT_AMBIGUOUS,untestable ratio (|ln m|=0.030 < 0.3),False
9293,TR,2051,2024-02-28,DISPUTED_SPLIT_AMBIGUOUS,untestable ratio (|ln m|=0.030 < 0.3),False
9293,TR,2301,2025-02-27,DISPUTED_SPLIT_AMBIGUOUS,untestable ratio (|ln m|=0.030 < 0.3),False
9293,TR,2552,2026-02-27,DISPUTED_SPLIT_AMBIGUOUS,untestable ratio (|ln m|=0.030 < 0.3),False
9297,TRAW,2190,2024-09-17,AGREED_SPLIT_TESTABLE_AMBIGUOUS,price matches but dollar volume is 22.9x the prior median (crash-like),False
9303,TRCH,1376,2021-06-22,AGREED_SPLIT_TESTABLE_AMBIGUOUS,a jump exists (max |ln R|=0.168) that does not match the claim,False
9323,TRKA,1861,2023-05-25,AGREED_SPLIT_TESTABLE_AMBIGUOUS,price matches but dollar volume is 10.4x the prior median (crash-like),False
9335,TRNR,2225,2024-11-05,AGREED_SPLIT_TESTABLE_AMBIGUOUS,a jump exists (max |ln R|=4.467) that does not match the claim,False
9335,TRNR,2545,2026-02-18,AGREED_SPLIT_TESTABLE_AMBIGUOUS,price matches but dollar volume is 7.1x the prior median (crash-like),False
9335,TRNR,2632,2026-06-24,AGREED_SPLIT_TESTABLE_AMBIGUOUS,price matches but dollar volume is 7.5x the prior median (crash-like),False
9337,TRNX,771,2019-01-28,DISPUTED_SPLIT_AMBIGUOUS,price matches but dollar volume is 5.9x the prior median (crash-like),False
9337,TRNX,913,2019-08-20,AGREED_SPLIT_TESTABLE_AMBIGUOUS,price matches but dollar volume is 5.5x the prior median (crash-like),False
9337,TRNX,985,2019-12-02,DISPUTED_SPLIT_AMBIGUOUS,a jump exists (max |ln R|=0.273) that does not match the claim,False
9340,TROV,783,2019-02-13,DISPUTED_SPLIT_AMBIGUOUS,a jump exists (max |ln R|=1.689) that does not match the claim,False
9356,TRUG,2568,2026-03-23,AGREED_SPLIT_TESTABLE_AMBIGUOUS,price matches but dollar volume is 12.8x the prior median (crash-like),False
9360,TRVN,1723,2022-11-04,AGREED_SPLIT_TESTABLE_AMBIGUOUS,a jump exists (max |ln R|=2.999) that does not match the claim,False
9386,TST,829,2019-04-22,DISPUTED_SPLIT_AMBIGUOUS,a jump exists (max |ln R|=2.203) that does not match the claim,False
9389,TT,1042,2020-02-25,DISPUTED_SPLIT_AMBIGUOUS,untestable ratio (|ln m|=0.254 < 0.3),True
9401,TTNP,766,2019-01-18,AGREED_SPLIT_TESTABLE_AMBIGUOUS,price matches but dollar volume is 9.2x the prior median (crash-like),False
9401,TTNP,1233,2020-11-24,AGREED_SPLIT_TESTABLE_AMBIGUOUS,a jump exists (max |ln R|=3.228) that does not match the claim,False
9401,TTNP,2013,2024-01-03,AGREED_SPLIT_TESTABLE_AMBIGUOUS,price matches but dollar volume is 10.2x the prior median (crash-like),False
9402,TTOO,1703,2022-10-07,AGREED_SPLIT_TESTABLE_AMBIGUOUS,a jump exists (max |ln R|=3.737) that does not match the claim,False
9402,TTOO,1954,2023-10-09,AGREED_SPLIT_TESTABLE_AMBIGUOUS,a jump exists (max |ln R|=4.083) that does not match the claim,False
9403,TTPH,936,2019-09-23,AGREED_SPLIT_TESTABLE_AMBIGUOUS,price matches but dollar volume is 25.2x the prior median (crash-like),False
9421,TVGN,2553,2026-03-02,AGREED_SPLIT_TESTABLE_AMBIGUOUS,a jump exists (max |ln R|=3.779) that does not match the claim,False
9425,TVRD,2331,2025-04-10,DISPUTED_SPLIT_AMBIGUOUS,a jump exists (max |ln R|=1.194) that does not match the claim,False
9435,TWG,2395,2025-07-15,AGREED_SPLIT_TESTABLE_AMBIGUOUS,price matches but dollar volume is 21.6x the prior median (crash-like),False
9443,TWMC,906,2019-08-09,AGREED_SPLIT_TESTABLE_AMBIGUOUS,price matches but dollar volume is 26.9x the prior median (crash-like),False
9451,TWOU,2122,2024-06-10,AGREED_SPLIT_TESTABLE_AMBIGUOUS,price matches but dollar volume is 5.1x the prior median (crash-like),True
9457,TXMD,1594,2022-05-03,AGREED_SPLIT_TESTABLE_AMBIGUOUS,a jump exists (max |ln R|=3.755) that does not match the claim,False
9468,TYHT,1159,2020-08-11,AGREED_SPLIT_TESTABLE_AMBIGUOUS,a jump exists (max |ln R|=2.270) that does not match the claim,False
9484,UAN,1229,2020-11-18,AGREED_SPLIT_TESTABLE_AMBIGUOUS,price matches but dollar volume is 5.7x the prior median (crash-like),False
9485,UAVS,2206,2024-10-09,AGREED_SPLIT_TESTABLE_AMBIGUOUS,a jump exists (max |ln R|=3.371) that does not match the claim,True
9497,UBX,1708,2022-10-14,AGREED_SPLIT_TESTABLE_AMBIGUOUS,a jump exists (max |ln R|=2.186) that does not match the claim,False
9498,UBXG,2237,2024-11-21,AGREED_SPLIT_TESTABLE_AMBIGUOUS,price matches but dollar volume is 9.7x the prior median (crash-like),False
9499,UCAR,2571,2026-03-26,AGREED_SPLIT_TESTABLE_AMBIGUOUS,a jump exists (max |ln R|=2.635) that does not match the claim,False
9499,UCAR,2681,2026-09-02,AGREED_SPLIT_TESTABLE_AMBIGUOUS,a jump exists (max |ln R|=2.802) that does not match the claim,False
9521,UGRO,2535,2026-02-03,AGREED_SPLIT_TESTABLE_AMBIGUOUS,a jump exists (max |ln R|=3.053) that does not match the claim,False
9522,UHAL,1723,2022-11-04,DISPUTED_SPLIT_AMBIGUOUS,a jump exists (max |ln R|=2.238) that does not match the claim,False
9530,UK,1583,2022-04-18,AGREED_SPLIT_TESTABLE_AMBIGUOUS,a jump exists (max |ln R|=2.693) that does not match the claim,False
9530,UK,1987,2023-11-24,AGREED_SPLIT_TESTABLE_AMBIGUOUS,price matches but dollar volume is 110.9x the prior median (crash-like),False
9544,UNCY,2375,2025-06-13,AGREED_SPLIT_TESTABLE_AMBIGUOUS,price matches but dollar volume is 5.7x the prior median (crash-like),False
9556,UOKA,2354,2025-05-14,AGREED_SPLIT_TESTABLE_AMBIGUOUS,price matches but dollar volume is 18.2x the prior median (crash-like),False
9557,UONE,2524,2026-01-16,AGREED_SPLIT_TESTABLE_AMBIGUOUS,price matches but dollar volume is 19.4x the prior median (crash-like),False
9558,UONEK,2524,2026-01-16,AGREED_SPLIT_TESTABLE_AMBIGUOUS,price matches but dollar volume is 7.9x the prior median (crash-like),False
9562,UPC,1900,2023-07-24,AGREED_SPLIT_TESTABLE_AMBIGUOUS,price matches but dollar volume is 39.8x the prior median (crash-like),False
9562,UPC,2314,2025-03-18,AGREED_SPLIT_TESTABLE_AMBIGUOUS,price matches but dollar volume is 5.6x the prior median (crash-like),False
9563,UPH,1743,2022-12-05,AGREED_SPLIT_TESTABLE_AMBIGUOUS,price matches but dollar volume is 36.4x the prior median (crash-like),False
9570,UPXI,2198,2024-09-27,AGREED_SPLIT_TESTABLE_AMBIGUOUS,price matches but dollar volume is 16.0x the prior median (crash-like),False
9586,USAU,1056,2020-03-16,AGREED_SPLIT_TESTABLE_AMBIGUOUS,a jump exists (max |ln R|=2.208) that does not match the claim,False
9595,USEG,1004,2019-12-30,AGREED_SPLIT_TESTABLE_AMBIGUOUS,price matches but dollar volume is 64.4x the prior median (crash-like),False
9604,USWS,1443,2021-09-27,AGREED_SPLIT_TESTABLE_AMBIGUOUS,price matches but dollar volume is 5.6x the prior median (crash-like),False
9612,UTRS,1945,2023-09-26,AGREED_SPLIT_TESTABLE_AMBIGUOUS,a jump exists (max |ln R|=2.870) that does not match the claim,False
9613,UTSI,1629,2022-06-23,AGREED_SPLIT_TESTABLE_AMBIGUOUS,price matches but dollar volume is 8.0x the prior median (crash-like),False
9636,VANI,1665,2022-08-15,DISPUTED_SPLIT_AMBIGUOUS,a jump exists (max |ln R|=1.000) that does not match the claim,False
9642,VATE,2160,2024-08-05,AGREED_SPLIT_TESTABLE_AMBIGUOUS,a jump exists (max |ln R|=2.148) that does not match the claim,False
9657,VCNX,1941,2023-09-20,AGREED_SPLIT_TESTABLE_AMBIGUOUS,price matches but dollar volume is 40.5x the prior median (crash-like),False
9657,VCNX,2041,2024-02-13,AGREED_SPLIT_TESTABLE_AMBIGUOUS,a jump exists (max |ln R|=2.447) that does not match the claim,False
9659,VCSA,1946,2023-09-27,AGREED_SPLIT_TESTABLE_AMBIGUOUS,a jump exists (max |ln R|=2.877) that does not match the claim,False
9672,VEEA,2675,2026-08-25,AGREED_SPLIT_TESTABLE_AMBIGUOUS,a jump exists (max |ln R|=2.565) that does not match the claim,False
9673,VEEE,2325,2025-04-02,AGREED_SPLIT_TESTABLE_AMBIGUOUS,price matches but dollar volume is 92.7x the prior median (crash-like),False
9673,VEEE,2593,2026-04-28,AGREED_SPLIT_TESTABLE_AMBIGUOUS,price matches but dollar volume is 5.9x the prior median (crash-like),False
9682,VERB,1831,2023-04-13,AGREED_SPLIT_TESTABLE_AMBIGUOUS,price matches but dollar volume is 8.2x the prior median (crash-like),False
9682,VERB,2202,2024-10-03,AGREED_SPLIT_TESTABLE_AMBIGUOUS,a jump exists (max |ln R|=5.002) that does not match the claim,False
9684,VERO,1848,2023-05-08,AGREED_SPLIT_TESTABLE_AMBIGUOUS,price matches but dollar volume is 42.4x the prior median (crash-like),False
9684,VERO,2300,2025-02-26,AGREED_SPLIT_TESTABLE_AMBIGUOUS,price matches but dollar volume is 35.9x the prior median (crash-like),False
9691,VFC,848,2019-05-17,DISPUTED_SPLIT_AMBIGUOUS,untestable ratio (|ln m|=0.060 < 0.3),True
9701,VGR,927,2019-09-10,DISPUTED_SPLIT_AMBIGUOUS,untestable ratio (|ln m|=0.049 < 0.3),False
9705,VHC,1963,2023-10-20,AGREED_SPLIT_TESTABLE_AMBIGUOUS,price matches but dollar volume is 7.5x the prior median (crash-like),False
9720,VIEW,1899,2023-07-21,AGREED_SPLIT_TESTABLE_AMBIGUOUS,price matches but dollar volume is 82.8x the prior median (crash-like),False
9729,VINO,1285,2021-02-10,DISPUTED_SPLIT_AMBIGUOUS,a jump exists (max |ln R|=0.170) that does not match the claim,False
9729,VINO,1940,2023-09-19,AGREED_SPLIT_TESTABLE_AMBIGUOUS,price matches but dollar volume is 33.3x the prior median (crash-like),False
9729,VINO,2091,2024-04-25,AGREED_SPLIT_TESTABLE_AMBIGUOUS,a jump exists (max |ln R|=2.132) that does not match the claim,False
9734,VIRI,2202,2024-10-03,DISPUTED_SPLIT_AMBIGUOUS,a jump exists (max |ln R|=0.373) that does not match the claim,False
9736,VIRX,1172,2020-08-28,DISPUTED_SPLIT_AMBIGUOUS,a jump exists (max |ln R|=2.162) that does not match the claim,False
9738,VISL,840,2019-05-07,AGREED_SPLIT_TESTABLE_AMBIGUOUS,price matches but dollar volume is 5.5x the prior median (crash-like),False
9738,VISL,1839,2023-04-25,AGREED_SPLIT_TESTABLE_AMBIGUOUS,a jump exists (max |ln R|=2.915) that does not match the claim,False
9741,VIVE,930,2019-09-13,AGREED_SPLIT_TESTABLE_AMBIGUOUS,price matches but dollar volume is 5.6x the prior median (crash-like),False
9741,VIVE,1234,2020-11-25,AGREED_SPLIT_TESTABLE_AMBIGUOUS,a jump exists (max |ln R|=2.208) that does not match the claim,False
9742,VIVK,2644,2026-07-13,AGREED_SPLIT_TESTABLE_AMBIGUOUS,price matches but dollar volume is 10.3x the prior median (crash-like),False
9747,VLCN,1955,2023-10-10,AGREED_SPLIT_TESTABLE_AMBIGUOUS,price matches but dollar volume is 5.3x the prior median (crash-like),False
9747,VLCN,2031,2024-01-30,AGREED_SPLIT_TESTABLE_AMBIGUOUS,price matches but dollar volume is 5.0x the prior median (crash-like),False
9747,VLCN,2117,2024-06-03,AGREED_SPLIT_TESTABLE_AMBIGUOUS,a jump exists (max |ln R|=4.330) that does not match the claim,False
9747,VLCN,2225,2024-11-05,AGREED_SPLIT_TESTABLE_AMBIGUOUS,a jump exists (max |ln R|=1.992) that does not match the claim,False
9747,VLCN,2370,2025-06-06,AGREED_SPLIT_TESTABLE_AMBIGUOUS,price matches but dollar volume is 7.1x the prior median (crash-like),False
9748,VLD,2121,2024-06-07,AGREED_SPLIT_TESTABLE_AMBIGUOUS,a jump exists (max |ln R|=3.339) that does not match the claim,False
9763,VMAR,2169,2024-08-16,AGREED_SPLIT_TESTABLE_AMBIGUOUS,a jump exists (max |ln R|=2.425) that does not match the claim,False
9763,VMAR,2201,2024-10-02,AGREED_SPLIT_TESTABLE_AMBIGUOUS,price matches but dollar volume is 5.3x the prior median (crash-like),False
9763,VMAR,2624,2026-06-11,AGREED_SPLIT_TESTABLE_AMBIGUOUS,price matches but dollar volume is 5.8x the prior median (crash-like),False
9763,VMAR,2672,2026-08-20,AGREED_SPLIT_TESTABLE_AMBIGUOUS,price matches but dollar volume is 80.8x the prior median (crash-like),False
9801,VRAX,1999,2023-12-12,AGREED_SPLIT_TESTABLE_AMBIGUOUS,price matches but dollar volume is 5.8x the prior median (crash-like),False
9801,VRAX,2630,2026-06-22,AGREED_SPLIT_TESTABLE_AMBIGUOUS,price matches but dollar volume is 9.9x the prior median (crash-like),False
9803,VRCA,2399,2025-07-21,AGREED_SPLIT_TESTABLE_AMBIGUOUS,a jump exists (max |ln R|=2.125) that does not match the claim,False
9804,VRDN,1222,2020-11-09,DISPUTED_SPLIT_AMBIGUOUS,price matches but dollar volume is 5.4x the prior median (crash-like),False
9808,VRME,2695,2026-09-23,AGREED_SPLIT_TESTABLE_AMBIGUOUS,a jump exists (max |ln R|=2.134) that does not match the claim,False
9814,VRPX,2313,2025-03-17,AGREED_SPLIT_TESTABLE_AMBIGUOUS,price matches but dollar volume is 10.6x the prior median (crash-like),False
9826,VS,1722,2022-11-03,AGREED_SPLIT_TESTABLE_AMBIGUOUS,price matches but dollar volume is 12.4x the prior median (crash-like),False
9826,VS,2007,2023-12-22,AGREED_SPLIT_TESTABLE_AMBIGUOUS,price matches but dollar volume is 38.9x the prior median (crash-like),False
9836,VSME,2516,2026-01-06,AGREED_SPLIT_TESTABLE_AMBIGUOUS,price matches but dollar volume is 7.1x the prior median (crash-like),False
9843,VSTM,1861,2023-05-25,AGREED_SPLIT_TESTABLE_AMBIGUOUS,price matches but dollar volume is 12.9x the prior median (crash-like),False
9848,VTAK,1695,2022-09-27,DISPUTED_SPLIT_AMBIGUOUS,price matches but dollar volume is 7.0x the prior median (crash-like),False
9848,VTAK,2141,2024-07-09,AGREED_SPLIT_TESTABLE_AMBIGUOUS,a jump exists (max |ln R|=2.163) that does not match the claim,False
9851,VTGN,1865,2023-06-01,AGREED_SPLIT_TESTABLE_AMBIGUOUS,price matches but dollar volume is 11.0x the prior median (crash-like),False
9855,VTL,821,2019-04-09,AGREED_SPLIT_TESTABLE_AMBIGUOUS,a jump exists (max |ln R|=0.300) that does not match the claim,False
9865,VTVT,1981,2023-11-15,AGREED_SPLIT_TESTABLE_AMBIGUOUS,a jump exists (max |ln R|=3.471) that does not match the claim,False
9871,VVOS,1964,2023-10-23,AGREED_SPLIT_TESTABLE_AMBIGUOUS,a jump exists (max |ln R|=2.964) that does not match the claim,False
9872,VVPR,1949,2023-10-02,AGREED_SPLIT_TESTABLE_AMBIGUOUS,a jump exists (max |ln R|=2.067) that does not match the claim,False
9883,VYNE,1284,2021-02-09,AGREED_SPLIT_TESTABLE_AMBIGUOUS,a jump exists (max |ln R|=1.296) that does not match the claim,False
9884,VYNT,1717,2022-10-27,AGREED_SPLIT_TESTABLE_AMBIGUOUS,price matches but dollar volume is 11.1x the prior median (crash-like),False
9898,WAI,2343,2025-04-29,AGREED_SPLIT_TESTABLE_AMBIGUOUS,price matches but dollar volume is 24.2x the prior median (crash-like),False
9906,WATT,1913,2023-08-10,AGREED_SPLIT_TESTABLE_AMBIGUOUS,a jump exists (max |ln R|=2.903) that does not match the claim,False
9908,WAVD,1957,2023-10-12,AGREED_SPLIT_TESTABLE_AMBIGUOUS,price matches but dollar volume is 7.4x the prior median (crash-like),False
9932,WCT,2553,2026-03-02,AGREED_SPLIT_TESTABLE_AMBIGUOUS,price matches but dollar volume is 9.2x the prior median (crash-like),False
9939,WE,1926,2023-08-29,AGREED_SPLIT_TESTABLE_AMBIGUOUS,a jump exists (max |ln R|=3.526) that does not match the claim,False
9957,WETO,2655,2026-07-28,AGREED_SPLIT_TESTABLE_AMBIGUOUS,a jump exists (max |ln R|=4.382) that does not match the claim,False
9963,WFF,2578,2026-04-07,AGREED_SPLIT_TESTABLE_AMBIGUOUS,price matches but dollar volume is 10.8x the prior median (crash-like),False
9982,WHLR,1915,2023-08-14,AGREED_SPLIT_TESTABLE_AMBIGUOUS,price matches but dollar volume is 190.7x the prior median (crash-like),False
9982,WHLR,2103,2024-05-13,AGREED_SPLIT_TESTABLE_AMBIGUOUS,price matches but dollar volume is 11.0x the prior median (crash-like),False
9982,WHLR,2131,2024-06-24,AGREED_SPLIT_TESTABLE_AMBIGUOUS,price matches but dollar volume is 34.3x the prior median (crash-like),False
9982,WHLR,2276,2025-01-22,AGREED_SPLIT_TESTABLE_AMBIGUOUS,a jump exists (max |ln R|=1.137) that does not match the claim,False
9982,WHLR,2317,2025-03-21,AGREED_SPLIT_TESTABLE_AMBIGUOUS,a jump exists (max |ln R|=1.436) that does not match the claim,False
9982,WHLR,2488,2025-11-24,DISPUTED_SPLIT_AMBIGUOUS,price matches but dollar volume is 37.0x the prior median (crash-like),False
9982,WHLR,2583,2026-04-14,AGREED_SPLIT_TESTABLE_AMBIGUOUS,price matches but dollar volume is 5.1x the prior median (crash-like),False
9982,WHLR,2625,2026-06-12,AGREED_SPLIT_TESTABLE_AMBIGUOUS,price matches but dollar volume is 13.2x the prior median (crash-like),False
9982,WHLR,2690,2026-09-16,AGREED_SPLIT_TESTABLE_AMBIGUOUS,price matches but dollar volume is 47.2x the prior median (crash-like),False
9998,WINT,1733,2022-11-18,DISPUTED_SPLIT_AMBIGUOUS,untestable ratio (|ln m|=0.001 < 0.3),False
9998,WINT,1794,2023-02-17,AGREED_SPLIT_TESTABLE_AMBIGUOUS,price matches but dollar volume is 11.2x the prior median (crash-like),False
9998,WINT,2084,2024-04-16,AGREED_SPLIT_TESTABLE_AMBIGUOUS,a jump exists (max |ln R|=2.665) that does not match the claim,False
10001,WISA,1070,2020-04-03,AGREED_SPLIT_TESTABLE_AMBIGUOUS,price matches but dollar volume is 8.1x the prior median (crash-like),False
10001,WISA,2079,2024-04-09,AGREED_SPLIT_TESTABLE_AMBIGUOUS,a jump exists (max |ln R|=4.854) that does not match the claim,False
10002,WISH,1826,2023-04-05,AGREED_SPLIT_TESTABLE_AMBIGUOUS,a jump exists (max |ln R|=3.293) that does not match the claim,True
10006,WKHS,2123,2024-06-11,AGREED_SPLIT_TESTABLE_AMBIGUOUS,a jump exists (max |ln R|=2.875) that does not match the claim,True
10006,WKHS,2493,2025-12-02,AGREED_SPLIT_TESTABLE_AMBIGUOUS,a jump exists (max |ln R|=2.626) that does not match the claim,True
10008,WKSP,2310,2025-03-12,AGREED_SPLIT_TESTABLE_AMBIGUOUS,price matches but dollar volume is 5.8x the prior median (crash-like),False
10013,WLDS,2203,2024-10-04,AGREED_SPLIT_TESTABLE_AMBIGUOUS,a jump exists (max |ln R|=2.840) that does not match the claim,False
10013,WLDS,2309,2025-03-11,AGREED_SPLIT_TESTABLE_AMBIGUOUS,price matches but dollar volume is 13.9x the prior median (crash-like),False
10013,WLDS,2556,2026-03-05,AGREED_SPLIT_TESTABLE_AMBIGUOUS,price matches but dollar volume is 6.1x the prior median (crash-like),False
10013,WLDS,2626,2026-06-15,AGREED_SPLIT_TESTABLE_AMBIGUOUS,a jump exists (max |ln R|=0.910) that does not match the claim,False
10045,WOK,2460,2025-10-15,AGREED_SPLIT_TESTABLE_AMBIGUOUS,price matches but dollar volume is 6.0x the prior median (crash-like),False
10045,WOK,2507,2025-12-22,AGREED_SPLIT_TESTABLE_AMBIGUOUS,a jump exists (max |ln R|=5.280) that does not match the claim,False
10045,WOK,2625,2026-06-12,AGREED_SPLIT_TESTABLE_AMBIGUOUS,a jump exists (max |ln R|=4.881) that does not match the claim,False
10062,WPRT,1864,2023-05-31,AGREED_SPLIT_TESTABLE_AMBIGUOUS,price matches but dollar volume is 8.9x the prior median (crash-like),False
10099,WTER,1822,2023-03-30,AGREED_SPLIT_TESTABLE_AMBIGUOUS,a jump exists (max |ln R|=2.580) that does not match the claim,False
10106,WTO,2182,2024-09-05,AGREED_SPLIT_TESTABLE_AMBIGUOUS,price matches but dollar volume is 5.0x the prior median (crash-like),False
10123,WWR,826,2019-04-16,AGREED_SPLIT_TESTABLE_AMBIGUOUS,price matches but dollar volume is 28.3x the prior median (crash-like),False
10125,WXM,2615,2026-05-29,AGREED_SPLIT_TESTABLE_AMBIGUOUS,a jump exists (max |ln R|=2.459) that does not match the claim,False
10137,XBIO,870,2019-06-19,AGREED_SPLIT_TESTABLE_AMBIGUOUS,price matches but dollar volume is 46.2x the prior median (crash-like),False
10137,XBIO,1849,2023-05-09,AGREED_SPLIT_TESTABLE_AMBIGUOUS,price matches but dollar volume is 110.9x the prior median (crash-like),False
10144,XCUR,1630,2022-06-24,AGREED_SPLIT_TESTABLE_AMBIGUOUS,a jump exists (max |ln R|=3.152) that does not match the claim,False
10144,XCUR,2173,2024-08-22,AGREED_SPLIT_TESTABLE_AMBIGUOUS,price matches but dollar volume is 194.5x the prior median (crash-like),False
10149,XELA,1647,2022-07-20,AGREED_SPLIT_TESTABLE_AMBIGUOUS,a jump exists (max |ln R|=2.606) that does not match the claim,False
10149,XELA,1849,2023-05-09,AGREED_SPLIT_TESTABLE_AMBIGUOUS,a jump exists (max |ln R|=5.193) that does not match the claim,False
10150,XELB,2315,2025-03-19,AGREED_SPLIT_TESTABLE_AMBIGUOUS,price matches but dollar volume is 28.5x the prior median (crash-like),False
10168,XLO,2559,2026-03-10,AGREED_SPLIT_TESTABLE_AMBIGUOUS,price matches but dollar volume is 5.2x the prior median (crash-like),False
10195,XPON,2646,2026-07-15,AGREED_SPLIT_TESTABLE_AMBIGUOUS,a jump exists (max |ln R|=2.285) that does not match the claim,False
10203,XRTX,2573,2026-03-30,AGREED_SPLIT_TESTABLE_AMBIGUOUS,price matches but dollar volume is 9.0x the prior median (crash-like),False
10208,XTIA,2057,2024-03-07,DISPUTED_SPLIT_AMBIGUOUS,a jump exists (max |ln R|=4.728) that does not match the claim,False
10208,XTIA,2265,2025-01-03,AGREED_SPLIT_TESTABLE_AMBIGUOUS,a jump exists (max |ln R|=5.065) that does not match the claim,False
10209,XTKG,2087,2024-04-19,DISPUTED_SPLIT_AMBIGUOUS,untestable ratio (|ln m|=0.058 < 0.3),False
10209,XTKG,2508,2025-12-23,AGREED_SPLIT_TESTABLE_AMBIGUOUS,a jump exists (max |ln R|=1.646) that does not match the claim,False
10214,XWEL,1943,2023-09-22,AGREED_SPLIT_TESTABLE_AMBIGUOUS,price matches but dollar volume is 9.3x the prior median (crash-like),False
10218,XXII,2250,2024-12-11,AGREED_SPLIT_TESTABLE_AMBIGUOUS,a jump exists (max |ln R|=4.791) that does not match the claim,False
10218,XXII,2375,2025-06-13,AGREED_SPLIT_TESTABLE_AMBIGUOUS,price matches but dollar volume is 16.0x the prior median (crash-like),False
10224,YAAS,2653,2026-07-24,AGREED_SPLIT_TESTABLE_AMBIGUOUS,price matches but dollar volume is 95.1x the prior median (crash-like),False
10228,YCBD,1835,2023-04-19,AGREED_SPLIT_TESTABLE_AMBIGUOUS,price matches but dollar volume is 30.9x the prior median (crash-like),False
10228,YCBD,2345,2025-05-01,AGREED_SPLIT_TESTABLE_AMBIGUOUS,price matches but dollar volume is 6.9x the prior median (crash-like),False
10242,YGMZ,2132,2024-06-25,AGREED_SPLIT_TESTABLE_AMBIGUOUS,price matches but dollar volume is 5.3x the prior median (crash-like),False
10243,YGTY,817,2019-04-03,DISPUTED_SPLIT_AMBIGUOUS,price matches but dollar volume is 67.7x the prior median (crash-like),False
10246,YHGJ,2446,2025-09-25,AGREED_SPLIT_TESTABLE_AMBIGUOUS,price matches but dollar volume is 10.4x the prior median (crash-like),False
10252,YMAT,2639,2026-07-06,AGREED_SPLIT_TESTABLE_AMBIGUOUS,price matches but dollar volume is 28.2x the prior median (crash-like),False
10261,YOSH,1985,2023-11-21,AGREED_SPLIT_TESTABLE_AMBIGUOUS,price matches but dollar volume is 144.3x the prior median (crash-like),False
10271,YTEN,2093,2024-04-29,AGREED_SPLIT_TESTABLE_AMBIGUOUS,price matches but dollar volume is 6.1x the prior median (crash-like),False
10275,YUMA,876,2019-06-27,AGREED_SPLIT_TESTABLE_AMBIGUOUS,price matches but dollar volume is 12.5x the prior median (crash-like),False
10279,YYAI,2130,2024-06-21,AGREED_SPLIT_TESTABLE_AMBIGUOUS,a jump exists (max |ln R|=2.840) that does not match the claim,False
10279,YYAI,2464,2025-10-21,AGREED_SPLIT_TESTABLE_AMBIGUOUS,a jump exists (max |ln R|=3.642) that does not match the claim,False
10279,YYAI,2665,2026-08-11,AGREED_SPLIT_TESTABLE_AMBIGUOUS,a jump exists (max |ln R|=3.224) that does not match the claim,False
10284,ZAPP,2085,2024-04-17,AGREED_SPLIT_TESTABLE_AMBIGUOUS,a jump exists (max |ln R|=2.840) that does not match the claim,False
10292,ZCAR,2211,2024-10-16,AGREED_SPLIT_TESTABLE_AMBIGUOUS,a jump exists (max |ln R|=4.368) that does not match the claim,False
10293,ZCMD,2048,2024-02-23,AGREED_SPLIT_TESTABLE_AMBIGUOUS,price matches but dollar volume is 11.1x the prior median (crash-like),False
10293,ZCMD,2617,2026-06-02,AGREED_SPLIT_TESTABLE_AMBIGUOUS,price matches but dollar volume is 68.5x the prior median (crash-like),False
10293,ZCMD,2631,2026-06-23,AGREED_SPLIT_TESTABLE_AMBIGUOUS,price matches but dollar volume is 32.1x the prior median (crash-like),False
10307,ZFGN,1104,2020-05-22,AGREED_SPLIT_TESTABLE_AMBIGUOUS,a jump exists (max |ln R|=0.129) that does not match the claim,False
10324,ZJYL,2034,2024-02-02,AGREED_SPLIT_TESTABLE_AMBIGUOUS,a jump exists (max |ln R|=2.761) that does not match the claim,False
10324,ZJYL,2559,2026-03-10,AGREED_SPLIT_TESTABLE_AMBIGUOUS,price matches but dollar volume is 7.2x the prior median (crash-like),False
10325,ZKIN,2279,2025-01-27,AGREED_SPLIT_TESTABLE_AMBIGUOUS,price matches but dollar volume is 120.5x the prior median (crash-like),False
10331,ZNB,2419,2025-08-18,DISPUTED_SPLIT_AMBIGUOUS,a jump exists (max |ln R|=3.920) that does not match the claim,False
10331,ZNB,2557,2026-03-06,AGREED_SPLIT_TESTABLE_AMBIGUOUS,a jump exists (max |ln R|=4.383) that does not match the claim,False
10331,ZNB,2650,2026-07-21,AGREED_SPLIT_TESTABLE_AMBIGUOUS,price matches but dollar volume is 5.3x the prior median (crash-like),False
10338,ZOOZ,2612,2026-05-26,AGREED_SPLIT_TESTABLE_AMBIGUOUS,price matches but dollar volume is 13.6x the prior median (crash-like),False
10341,ZSAN,1576,2022-04-06,AGREED_SPLIT_TESTABLE_AMBIGUOUS,a jump exists (max |ln R|=3.424) that does not match the claim,False
10355,ZVSA,2088,2024-04-22,AGREED_SPLIT_TESTABLE_AMBIGUOUS,a jump exists (max |ln R|=2.192) that does not match the claim,False
10362,ZYXI,1509,2021-12-30,DISPUTED_SPLIT_AMBIGUOUS,untestable ratio (|ln m|=0.095 < 0.3),False
7157,PCG,762,2019-01-14,UNRECORDED_SPLIT_LIKE_DISCONTINUITY,"ln R=-0.647, dv_ratio=3.33",True
2631,DD,816,2019-04-02,UNRECORDED_SPLIT_LIKE_DISCONTINUITY,"ln R=-0.3989, dv_ratio=1.19",True
629,APA,1051,2020-03-09,UNRECORDED_SPLIT_LIKE_DISCONTINUITY,"ln R=-0.4334, dv_ratio=2.38",True
2077,CLR,1051,2020-03-09,UNRECORDED_SPLIT_LIKE_DISCONTINUITY,"ln R=-0.3954, dv_ratio=1.64",True
2540,CXO,1051,2020-03-09,UNRECORDED_SPLIT_LIKE_DISCONTINUITY,"ln R=-0.4428, dv_ratio=2.99",True
2894,DVN,1051,2020-03-09,UNRECORDED_SPLIT_LIKE_DISCONTINUITY,"ln R=-0.3793, dv_ratio=1.17",True
3149,EOG,1051,2020-03-09,UNRECORDED_SPLIT_LIKE_DISCONTINUITY,"ln R=-0.3694, dv_ratio=2.75",True
3248,ET,1051,2020-03-09,UNRECORDED_SPLIT_LIKE_DISCONTINUITY,"ln R=-0.3775, dv_ratio=2.19",True
7042,OVV,1051,2020-03-09,UNRECORDED_SPLIT_LIKE_DISCONTINUITY,"ln R=-0.3986, dv_ratio=1.37",True
7179,PDCE,1051,2020-03-09,UNRECORDED_SPLIT_LIKE_DISCONTINUITY,"ln R=-0.6763, dv_ratio=1.76",True
7621,PXD,1051,2020-03-09,UNRECORDED_SPLIT_LIKE_DISCONTINUITY,"ln R=-0.3666, dv_ratio=2.23",True
10064,WPX,1051,2020-03-09,UNRECORDED_SPLIT_LIKE_DISCONTINUITY,"ln R=-0.3655, dv_ratio=1.88",True
4335,HDS,1056,2020-03-16,UNRECORDED_SPLIT_LIKE_DISCONTINUITY,"ln R=-0.3653, dv_ratio=1.09",True
5724,MAC,1056,2020-03-16,UNRECORDED_SPLIT_LIKE_DISCONTINUITY,"ln R=-0.3903, dv_ratio=1.06",True
4992,IVR,1062,2020-03-24,UNRECORDED_SPLIT_LIKE_DISCONTINUITY,"ln R=-0.365, dv_ratio=0.86",True
6194,MSGS,1080,2020-04-20,UNRECORDED_SPLIT_LIKE_DISCONTINUITY,"ln R=-0.3867, dv_ratio=0.53",True
4618,IAC,1131,2020-07-01,UNRECORDED_SPLIT_LIKE_DISCONTINUITY,"ln R=-1.1442, dv_ratio=3.04",True
7445,PPLI,1131,2020-07-01,UNRECORDED_SPLIT_LIKE_DISCONTINUITY,"ln R=-1.1442, dv_ratio=3.04",True
6498,NKLA,1187,2020-09-21,UNRECORDED_SPLIT_LIKE_DISCONTINUITY,"ln R=-0.3139, dv_ratio=4.75",True
4818,INO,1192,2020-09-28,UNRECORDED_SPLIT_LIKE_DISCONTINUITY,"ln R=-0.466, dv_ratio=3.67",True
8346,SGI,1233,2020-11-24,UNRECORDED_SPLIT_LIKE_DISCONTINUITY,"ln R=-1.3912, dv_ratio=0.73",True
7682,QS,1259,2021-01-04,UNRECORDED_SPLIT_LIKE_DISCONTINUITY,"ln R=-0.3608, dv_ratio=3.83",True
4034,GME,1279,2021-02-02,UNRECORDED_SPLIT_LIKE_DISCONTINUITY,"ln R=-0.469, dv_ratio=2.6",True
4618,IAC,1357,2021-05-25,UNRECORDED_SPLIT_LIKE_DISCONTINUITY,"ln R=-0.3742, dv_ratio=3.32",True
7445,PPLI,1357,2021-05-25,UNRECORDED_SPLIT_LIKE_DISCONTINUITY,"ln R=-0.3742, dv_ratio=3.32",True
6803,OCGN,1368,2021-06-10,UNRECORDED_SPLIT_LIKE_DISCONTINUITY,"ln R=-0.3083, dv_ratio=2.87",True
3124,ENOV,1575,2022-04-05,UNRECORDED_SPLIT_LIKE_DISCONTINUITY,"ln R=0.415, dv_ratio=3.85",True
592,ANF,1609,2022-05-24,UNRECORDED_SPLIT_LIKE_DISCONTINUITY,"ln R=-0.3573, dv_ratio=4.68",True
8545,SNAP,1609,2022-05-24,UNRECORDED_SPLIT_LIKE_DISCONTINUITY,"ln R=-0.4387, dv_ratio=4.64",True
6209,MSTR,1622,2022-06-13,UNRECORDED_SPLIT_LIKE_DISCONTINUITY,"ln R=-0.309, dv_ratio=3.18",True
6678,NVAX,1661,2022-08-09,UNRECORDED_SPLIT_LIKE_DISCONTINUITY,"ln R=-0.359, dv_ratio=4.0",True
513,AMC,1670,2022-08-22,UNRECORDED_SPLIT_LIKE_DISCONTINUITY,"ln R=-0.464, dv_ratio=1.45",True
1071,BBBY,1677,2022-08-31,UNRECORDED_SPLIT_LIKE_DISCONTINUITY,"ln R=-0.3181, dv_ratio=0.89",True
1228,BHVN,1700,2022-10-04,UNRECORDED_SPLIT_LIKE_DISCONTINUITY,"ln R=-3.0347, dv_ratio=0.57",True
2505,CVNA,1745,2022-12-07,UNRECORDED_SPLIT_LIKE_DISCONTINUITY,"ln R=-0.4129, dv_ratio=3.32",True
1071,BBBY,1786,2023-02-07,UNRECORDED_SPLIT_LIKE_DISCONTINUITY,"ln R=-0.6367, dv_ratio=3.41",True
7849,RF,1809,2023-03-13,UNRECORDED_SPLIT_LIKE_DISCONTINUITY,"ln R=-0.3557, dv_ratio=4.79",True
513,AMC,1915,2023-08-14,UNRECORDED_SPLIT_LIKE_DISCONTINUITY,"ln R=-0.4572, dv_ratio=3.89",True
25,AAOI,2048,2024-02-23,UNRECORDED_SPLIT_LIKE_DISCONTINUITY,"ln R=-0.3928, dv_ratio=4.11",True
4921,IREN,2160,2024-08-05,UNRECORDED_SPLIT_LIKE_DISCONTINUITY,"ln R=-0.3215, dv_ratio=0.96",True
7642,QBTS,2268,2025-01-08,UNRECORDED_SPLIT_LIKE_DISCONTINUITY,"ln R=-0.3725, dv_ratio=1.79",True
7700,QUBT,2268,2025-01-08,UNRECORDED_SPLIT_LIKE_DISCONTINUITY,"ln R=-0.402, dv_ratio=1.37",True
7869,RGTI,2268,2025-01-08,UNRECORDED_SPLIT_LIKE_DISCONTINUITY,"ln R=-0.3741, dv_ratio=1.37",True
8302,SERV,2293,2025-02-14,UNRECORDED_SPLIT_LIKE_DISCONTINUITY,"ln R=-0.4483, dv_ratio=4.81",True
8626,SOUN,2293,2025-02-14,UNRECORDED_SPLIT_LIKE_DISCONTINUITY,"ln R=-0.314, dv_ratio=2.99",True
5674,LUNR,2307,2025-03-07,UNRECORDED_SPLIT_LIKE_DISCONTINUITY,"ln R=-0.4389, dv_ratio=2.13",True
25,AAOI,2312,2025-03-14,UNRECORDED_SPLIT_LIKE_DISCONTINUITY,"ln R=0.3989, dv_ratio=3.23",True
10046,WOLF,2322,2025-03-28,UNRECORDED_SPLIT_LIKE_DISCONTINUITY,"ln R=-0.4767, dv_ratio=4.76",True
1070,BBAI,2415,2025-08-12,UNRECORDED_SPLIT_LIKE_DISCONTINUITY,"ln R=-0.3797, dv_ratio=2.58",True
3152,EOSE,2551,2026-02-26,UNRECORDED_SPLIT_LIKE_DISCONTINUITY,"ln R=-0.419, dv_ratio=4.86",True
7945,RNA,2552,2026-02-27,UNRECORDED_SPLIT_LIKE_DISCONTINUITY,"ln R=-1.6081, dv_ratio=0.55",True
1010,AXTI,2658,2026-07-31,UNRECORDED_SPLIT_LIKE_DISCONTINUITY,"ln R=0.3514, dv_ratio=4.18",True
